fa80140e2c3583dd5c1af38e8aff85b1,170,/tmp/bitcoin0.14/src/crypto/ctaes/bench.c
dc264d70b045ddcdca23b7cb5bda48bd,556,/tmp/bitcoin0.14/src/crypto/ctaes/ctaes.c
f33b7bdf0d34a80666bb7d01896483f0,110,/tmp/bitcoin0.14/src/crypto/ctaes/test.c
9bb36343fa40bc716deaf03451e37a0a,390,/tmp/bitcoin0.14/src/leveldb/db/c_test.c
1e47f669b9bb964e10cd388d8a0b05a4,150,/tmp/bitcoin0.14/src/secp256k1/contrib/lax_der_parsing.c
384651d27fa54af200ba281d79b5082e,113,/tmp/bitcoin0.14/src/secp256k1/contrib/lax_der_privatekey_parsing.c
efc7f9487225ff5021bd793a4812cfc3,15,/tmp/bitcoin0.14/src/secp256k1/src/java/org_bitcoin_Secp256k1Context.c
f89ed2f509c9a5b77f008da2d6b7e85f,377,/tmp/bitcoin0.14/src/secp256k1/src/java/org_bitcoin_NativeSecp256k1.c
ae9939234c6691ff30363f72f1cf4b6f,112,/tmp/bitcoin0.14/src/secp256k1/src/bench_verify.c
b5f7e10c4c2a55e094bac68efa81a5fd,54,/tmp/bitcoin0.14/src/secp256k1/src/bench_ecdh.c
0926446f240343abd8f3b4a82de2f4d3,382,/tmp/bitcoin0.14/src/secp256k1/src/bench_internal.c
8aea3f10fb0316872cf47ddd128011ff,60,/tmp/bitcoin0.14/src/secp256k1/src/bench_recover.c
8e2464ee63588d333bcd071c897bebd4,73,/tmp/bitcoin0.14/src/secp256k1/src/bench_schnorr_verify.c
da5bbfc6a6238b3996bc7e10cedf0a6a,56,/tmp/bitcoin0.14/src/secp256k1/src/bench_sign.c
5f0b997e9eaadc86a90a2de860cae632,74,/tmp/bitcoin0.14/src/secp256k1/src/gen_context.c
0737195028e4430e70105545467f8e1c,561,/tmp/bitcoin0.14/src/secp256k1/src/secp256k1.c
aae2d4d87a59c5e46fc2b11048989b28,4525,/tmp/bitcoin0.14/src/secp256k1/src/tests.c
063361bbbbdbe51f838b66294c65d9ba,329,/tmp/bitcoin0.14/src/secp256k1/src/tests_exhaustive.c
c737a8d554fef379514a3c2b07688b37,45,/tmp/bitcoin0.14/contrib/devtools/check-doc.py
f569803155588367dd65fc37603bd0f0,164,/tmp/bitcoin0.14/contrib/devtools/clang-format-diff.py
b9a75f7016f49cf504e8beacae16c701,610,/tmp/bitcoin0.14/contrib/devtools/copyright_header.py
61cd70b6be0f1c2c2c764a9846045bfe,251,/tmp/bitcoin0.14/contrib/devtools/github-merge.py
8f9c3b245cf69e4c0950df40e57daaf1,78,/tmp/bitcoin0.14/contrib/devtools/optimize-pngs.py
9bbce060c0541aa2884c3cf405b49deb,216,/tmp/bitcoin0.14/contrib/devtools/security-check.py
c9d45f6ed12af075e9f748ff716a1f9b,164,/tmp/bitcoin0.14/contrib/devtools/symbol-check.py
4907fe9c8e153ed2c3d3de1fbb4e276c,62,/tmp/bitcoin0.14/contrib/devtools/test-security-check.py
03a7931c0209b652e356adf0c48f41c7,208,/tmp/bitcoin0.14/contrib/devtools/update-translations.py
a676f7397fb268be9d2721e79e44daa2,322,/tmp/bitcoin0.14/contrib/linearize/linearize-data.py
9f0e605740aa97669096bbef652c50ab,136,/tmp/bitcoin0.14/contrib/linearize/linearize-hashes.py
9657be56bb3fa3bbd20fa1987fba99e7,60,/tmp/bitcoin0.14/contrib/macdeploy/custom_dsstore.py
04438d779f93675118c45100ae10a77d,138,/tmp/bitcoin0.14/contrib/seeds/generate-seeds.py
8070d50931747db008226e2a32d30a92,172,/tmp/bitcoin0.14/contrib/seeds/makeseeds.py
ba487bc49873312bbe794a95c5b017d4,106,/tmp/bitcoin0.14/contrib/testgen/base58.py
37645411e77d1649a7a893fa524f6c12,128,/tmp/bitcoin0.14/contrib/testgen/gen_base58_test_vectors.py
0cb2a3f171ce86c3af085b6c41452450,43,/tmp/bitcoin0.14/contrib/zmq/zmq_sub.py
f1880992e50c8939559be61b8d261fe9,89,/tmp/bitcoin0.14/share/qt/extract_strings_qt.py
5fdfc9504e91a07a0a8762dd8344202e,41,/tmp/bitcoin0.14/share/rpcuser/rpcuser.py
b0d21717c645c617a17f31a6066e72b4,133,/tmp/bitcoin0.14/src/test/bctest.py
e4d7acc72ddd0d4d771025c64cc0f2b9,45,/tmp/bitcoin0.14/src/test/bitcoin-util-test.py
c3e88012e2330679fe267ee8dbde05c8,372,/tmp/bitcoin0.14/qa/pull-tester/rpc-tests.py
d41d8cd98f00b204e9800998ecf8427e,0,/tmp/bitcoin0.14/qa/rpc-tests/test_framework/__init__.py
7cc75f72baa43ef9e05de5d9d2690090,74,/tmp/bitcoin0.14/qa/rpc-tests/test_framework/address.py
1f02c88d611f4ee6a17cb7ea2689565c,191,/tmp/bitcoin0.14/qa/rpc-tests/test_framework/authproxy.py
0f2fc921a593dbecf34f10b95a264e56,101,/tmp/bitcoin0.14/qa/rpc-tests/test_framework/bignum.py
6cb90e493df39f070e68635be807cdae,164,/tmp/bitcoin0.14/qa/rpc-tests/test_framework/blockstore.py
b059fd1c8a8f242873405fa63929ad54,105,/tmp/bitcoin0.14/qa/rpc-tests/test_framework/blocktools.py
7a029cc4f161f90f4280ab2bd312e318,416,/tmp/bitcoin0.14/qa/rpc-tests/test_framework/comptool.py
a320aa3f341aa7de7d21118f48c985b1,106,/tmp/bitcoin0.14/qa/rpc-tests/test_framework/coverage.py
bd2e54ec646c64d01aed07a80875ef3a,236,/tmp/bitcoin0.14/qa/rpc-tests/test_framework/key.py
178f5407471ab74d7854c1ab68419c0d,1807,/tmp/bitcoin0.14/qa/rpc-tests/test_framework/mininode.py
f37f049ae77bc763b5b738c4b105232b,155,/tmp/bitcoin0.14/qa/rpc-tests/test_framework/netutil.py
e7edddc7fa4ee47e7559a518e9adb391,947,/tmp/bitcoin0.14/qa/rpc-tests/test_framework/script.py
da2b1aa87ac6a538a5f0829f08972e86,64,/tmp/bitcoin0.14/qa/rpc-tests/test_framework/siphash.py
12f1ff8d18d3b683cbec64a3160ac669,161,/tmp/bitcoin0.14/qa/rpc-tests/test_framework/socks5.py
2e2613a3f5f1a1a7cee65dca179cefd6,219,/tmp/bitcoin0.14/qa/rpc-tests/test_framework/test_framework.py
03c595819ce6d76a06250683b4f15438,714,/tmp/bitcoin0.14/qa/rpc-tests/test_framework/util.py
a76ba3c3fcf2a1dd46777e04c99cad81,160,/tmp/bitcoin0.14/qa/rpc-tests/abandonconflict.py
4bd85f438baf16990a192cf066fc8cc4,191,/tmp/bitcoin0.14/qa/rpc-tests/assumevalid.py
bb25bd54e1fb641a940bab297d1354e0,181,/tmp/bitcoin0.14/qa/rpc-tests/bip65-cltv-p2p.py
d973e174ca262de376bfc284325807e3,92,/tmp/bitcoin0.14/qa/rpc-tests/bip65-cltv.py
e429420912bf344c61de92fd8f7d8d90,540,/tmp/bitcoin0.14/qa/rpc-tests/bip68-112-113-p2p.py
65b9376975f43afcd3e60b038f34864b,428,/tmp/bitcoin0.14/qa/rpc-tests/bip68-sequence.py
4a6fe1baaf535f0adcb960860c51de7f,248,/tmp/bitcoin0.14/qa/rpc-tests/bip9-softforks.py
399ffb6f1175388215af4d27c8354fbf,189,/tmp/bitcoin0.14/qa/rpc-tests/bipdersig-p2p.py
3fccebb51998167358aa3fead711c7c4,91,/tmp/bitcoin0.14/qa/rpc-tests/bipdersig.py
339a8e995c142bbe5e71b7154c93913e,89,/tmp/bitcoin0.14/qa/rpc-tests/blockchain.py
5a5df3d9d5144c98ff2cfcd9fa6487fe,324,/tmp/bitcoin0.14/qa/rpc-tests/bumpfee.py
7d73438efc7ff86353c29dc00af002f8,29,/tmp/bitcoin0.14/qa/rpc-tests/create_cache.py
7b6d29ea4ba27a226906778aa4e4485e,185,/tmp/bitcoin0.14/qa/rpc-tests/decodescript.py
701d2df0db93d9bfdb25e6b3925ac019,48,/tmp/bitcoin0.14/qa/rpc-tests/disablewallet.py
e9d0fefc3fdbe7762a66dca4cdea46da,66,/tmp/bitcoin0.14/qa/rpc-tests/forknotify.py
4f0d530f21e8239fb2b963dca577bfed,739,/tmp/bitcoin0.14/qa/rpc-tests/fundrawtransaction.py
7a62e544470c69be1c572946307574e2,74,/tmp/bitcoin0.14/qa/rpc-tests/getblocktemplate_longpoll.py
41cfc4763e2fb31ef1a27ecf5589d660,163,/tmp/bitcoin0.14/qa/rpc-tests/getblocktemplate_proposals.py
fa9f19be570d80a8062f280442faae84,62,/tmp/bitcoin0.14/qa/rpc-tests/getchaintips.py
df720349d76266c8e87229f7d2d18080,113,/tmp/bitcoin0.14/qa/rpc-tests/httpbasics.py
93a5ff4c11b47ff79346cc9152d28da1,191,/tmp/bitcoin0.14/qa/rpc-tests/import-rescan.py
b3d6a81c1bcebf7c72163820c6b9c1b0,434,/tmp/bitcoin0.14/qa/rpc-tests/importmulti.py
cad30c318bb79aee8c2d4b88f028c209,124,/tmp/bitcoin0.14/qa/rpc-tests/importprunedfunds.py
d714f2c18882a4616c1361faea1d44a7,76,/tmp/bitcoin0.14/qa/rpc-tests/invalidateblock.py
de678ba50123ed0de2c8569dcddafde6,117,/tmp/bitcoin0.14/qa/rpc-tests/invalidblockrequest.py
1b60cbdf63d3d9d3555f1f6b8ee313cf,72,/tmp/bitcoin0.14/qa/rpc-tests/invalidtxrequest.py
62962dc19b8302e7f6477aa23fa23d53,85,/tmp/bitcoin0.14/qa/rpc-tests/keypool.py
53a45182e11f2e42ab8a6ddf666e9ab9,80,/tmp/bitcoin0.14/qa/rpc-tests/listsinceblock.py
dbda45f9c18bfcf8ae3fe237e14f117e,204,/tmp/bitcoin0.14/qa/rpc-tests/listtransactions.py
7d85d01c6ecaf0667a5cb4b8867dfeda,96,/tmp/bitcoin0.14/qa/rpc-tests/maxblocksinflight.py
396b493a3be48847d0901c0ff09f7f59,235,/tmp/bitcoin0.14/qa/rpc-tests/maxuploadtarget.py
1cfaab65fc85fe0b1cf50c68a9ee6607,54,/tmp/bitcoin0.14/qa/rpc-tests/mempool_limit.py
8a4ea58a6cd57d4374e99ccbb3e4bfd9,255,/tmp/bitcoin0.14/qa/rpc-tests/mempool_packages.py
cfe3271d3dc53ac6ae6e38fbf7f5b021,101,/tmp/bitcoin0.14/qa/rpc-tests/mempool_reorg.py
7c55860b37bab96ef79e36a9247db811,81,/tmp/bitcoin0.14/qa/rpc-tests/mempool_resurrect_test.py
f38a6618922e16c9a68fea84597e6654,63,/tmp/bitcoin0.14/qa/rpc-tests/mempool_spendcoinbase.py
65c0cc6af9721289084be3e8d7b2c942,88,/tmp/bitcoin0.14/qa/rpc-tests/merkle_blocks.py
4f6ac3b4a3c937592f0d36368c0ccf30,120,/tmp/bitcoin0.14/qa/rpc-tests/multi_rpc.py
b70d6daba11aaf4aee00ea427b5df98d,89,/tmp/bitcoin0.14/qa/rpc-tests/nodehandling.py
cbb8daa5251119f08fde56e2865b4203,148,/tmp/bitcoin0.14/qa/rpc-tests/nulldummy.py
3d5db22d65398a6443dc2095562e7f09,279,/tmp/bitcoin0.14/qa/rpc-tests/p2p-acceptblock.py
8a2a08f6aec1155fddfa437c16c57f97,971,/tmp/bitcoin0.14/qa/rpc-tests/p2p-compactblocks.py
94786f545378e8a1fa17ddcdcc8b0c40,115,/tmp/bitcoin0.14/qa/rpc-tests/p2p-feefilter.py
e296a5a7ab9a0abf12a1bf1cc21894da,1290,/tmp/bitcoin0.14/qa/rpc-tests/p2p-fullblocktest.py
772cefa7cb3d18881bab5810b01981ea,145,/tmp/bitcoin0.14/qa/rpc-tests/p2p-leaktests.py
f59b91a1e4a216a006eef095b5b2a969,101,/tmp/bitcoin0.14/qa/rpc-tests/p2p-mempool.py
c98163d1b64fc53af66ba81b23619db4,2036,/tmp/bitcoin0.14/qa/rpc-tests/p2p-segwit.py
def75b1f5ee91049bb9b5d1f3d6020ca,103,/tmp/bitcoin0.14/qa/rpc-tests/p2p-timeouts.py
b70d8716f1ac1a09341813e91da45b66,165,/tmp/bitcoin0.14/qa/rpc-tests/p2p-versionbits-warning.py
7b7ab6c764bb3e08892852e73a4f5555,119,/tmp/bitcoin0.14/qa/rpc-tests/preciousblock.py
127ff63e8ca4388003ec9748b0f04187,157,/tmp/bitcoin0.14/qa/rpc-tests/prioritise_transaction.py
9f091beead4e9e98913ea4c588d444a3,203,/tmp/bitcoin0.14/qa/rpc-tests/proxy_test.py
dc3bf2efe185a85387dcfd7bfd8cd285,445,/tmp/bitcoin0.14/qa/rpc-tests/pruning.py
b69c10884574d2c18cfb2140d5e6614e,190,/tmp/bitcoin0.14/qa/rpc-tests/rawtransactions.py
ab7c6bca9637ffef49a8ed7a4bc3a93c,149,/tmp/bitcoin0.14/qa/rpc-tests/receivedby.py
b3626087c02646e27b64ebfaaf2fbce1,45,/tmp/bitcoin0.14/qa/rpc-tests/reindex.py
82304c8afd168ac8a7248aed8c438ed4,589,/tmp/bitcoin0.14/qa/rpc-tests/replace-by-fee.py
4238e7eaf1f3b67eec0710e0900d7a98,335,/tmp/bitcoin0.14/qa/rpc-tests/rest.py
91748fefa917a8bfe01eeb8254cd7a53,103,/tmp/bitcoin0.14/qa/rpc-tests/rpcbind_test.py
213fe6a36313843ccef4de9eff1507ca,52,/tmp/bitcoin0.14/qa/rpc-tests/rpcnamedargs.py
1af6e716a5ee54ca5baa5973dadf3b55,659,/tmp/bitcoin0.14/qa/rpc-tests/segwit.py
2b415b83d25b83552444e3a5de8d3751,606,/tmp/bitcoin0.14/qa/rpc-tests/sendheaders.py
0d8b0a6ea56aad838403c1a54d985aa9,41,/tmp/bitcoin0.14/qa/rpc-tests/signmessages.py
932f091abc3305afd8abbcf13dd94912,138,/tmp/bitcoin0.14/qa/rpc-tests/signrawtransactions.py
66f7be654cd280c710fe6bb871fc4026,267,/tmp/bitcoin0.14/qa/rpc-tests/smartfees.py
8157f60b96b5b5ad1d2354062aba06c8,159,/tmp/bitcoin0.14/qa/rpc-tests/txn_clone.py
2892d6ca8de252b498d999c0db9d1b1b,147,/tmp/bitcoin0.14/qa/rpc-tests/txn_doublespend.py
a006a34fc3a13b473deeb15a29e67e49,94,/tmp/bitcoin0.14/qa/rpc-tests/wallet-accounts.py
9ca74fbcf7e61aa5bae5265a9a8f322c,108,/tmp/bitcoin0.14/qa/rpc-tests/wallet-dump.py
5a0d2bb459e0bb372079f1e5a7686410,87,/tmp/bitcoin0.14/qa/rpc-tests/wallet-hd.py
98c9adc74c363953806ad2f4299a49e8,403,/tmp/bitcoin0.14/qa/rpc-tests/wallet.py
fa106ea46cde181bf87735fecbd43835,202,/tmp/bitcoin0.14/qa/rpc-tests/walletbackup.py
c57d816c207ae8a12e448073e36c9b30,77,/tmp/bitcoin0.14/qa/rpc-tests/zapwallettxes.py
36b5d4105bbed9962956eba463df3e8d,97,/tmp/bitcoin0.14/qa/rpc-tests/zmq_test.py
7c77a1d6a5f67ac1cff702506df208ec,34,/tmp/bitcoin0.14/src/bench/Examples.cpp
8bc1157f2eceafaca5d14302473b5cab,56,/tmp/bitcoin0.14/src/bench/base58.cpp
345bf506713f9bbcc1b20c6dacf62699,102,/tmp/bitcoin0.14/src/bench/bench.cpp
280252f6e02664f0a3925b90de578c76,21,/tmp/bitcoin0.14/src/bench/bench_bitcoin.cpp
215ec02ca7cef7bb450f10a490f93440,87,/tmp/bitcoin0.14/src/bench/ccoins_caching.cpp
0abfe1cdaa0084761b2af9ddd2063b80,56,/tmp/bitcoin0.14/src/bench/checkblock.cpp
0f90083d563757072ac20d335077eb63,103,/tmp/bitcoin0.14/src/bench/checkqueue.cpp
dc7a278228783d350ff91c69a9bda96c,60,/tmp/bitcoin0.14/src/bench/coin_selection.cpp
bea6711a56173a836cda7e8e973d9102,78,/tmp/bitcoin0.14/src/bench/crypto_hash.cpp
20c5fffa4cd2b7356ef7d56d41a79328,47,/tmp/bitcoin0.14/src/bench/lockedpool.cpp
2d4f026748cec90fbb688e1fa8097992,115,/tmp/bitcoin0.14/src/bench/mempool_eviction.cpp
0844076925aff869e482849fde3fc3d6,53,/tmp/bitcoin0.14/src/bench/perf.cpp
d020d50f8a04a682fd5aeb7e5df1ae97,43,/tmp/bitcoin0.14/src/bench/rollingbloom.cpp
15d949e51127bc65fd54ba58189be691,102,/tmp/bitcoin0.14/src/bench/verify_script.cpp
82387bb40129bce70dc2817afbeb521e,29,/tmp/bitcoin0.14/src/compat/glibc_compat.cpp
8427a29d1f548728b4f7e760bb39271a,68,/tmp/bitcoin0.14/src/compat/glibc_sanity.cpp
b0f65abfe6734b5bff82efdd30679910,61,/tmp/bitcoin0.14/src/compat/glibcxx_sanity.cpp
e8f94dc0ec759ef574f8c4cd57429c3a,18,/tmp/bitcoin0.14/src/compat/strnlen.cpp
31bf5fb86b0568cea0eaba370493bd63,187,/tmp/bitcoin0.14/src/consensus/merkle.cpp
e27cbc157c6a3ce3b03eaf6acd242974,217,/tmp/bitcoin0.14/src/crypto/aes.cpp
f3c946d85ebed9c9d4069358adcf85e4,34,/tmp/bitcoin0.14/src/crypto/hmac_sha256.cpp
d8d64ad3c49b5692921f548376d7ed0a,34,/tmp/bitcoin0.14/src/crypto/hmac_sha512.cpp
67fe2b869cbcc32d10c2db4c9585856e,292,/tmp/bitcoin0.14/src/crypto/ripemd160.cpp
40cf239bf3ad945b0417388141702a82,199,/tmp/bitcoin0.14/src/crypto/sha1.cpp
1190ca96cf974f77df86dadbb2ffc70d,189,/tmp/bitcoin0.14/src/crypto/sha256.cpp
5f5d246d5a7ef3419c5e936377f52c59,207,/tmp/bitcoin0.14/src/crypto/sha512.cpp
78bfbc746dbc12be3783608c7333f98d,507,/tmp/bitcoin0.14/src/policy/fees.cpp
edae0a82144706e9c28aaceef54a280b,221,/tmp/bitcoin0.14/src/policy/policy.cpp
4a3101b37da55df643639eb3f26e1439,47,/tmp/bitcoin0.14/src/policy/rbf.cpp
fded1822ef2baa010d345afd677f4c56,42,/tmp/bitcoin0.14/src/primitives/block.cpp
767895f013fb86d027adde9785addeac,147,/tmp/bitcoin0.14/src/primitives/transaction.cpp
5611ce566c5b2bef907fc3d46f4c524a,23,/tmp/bitcoin0.14/src/qt/test/compattests.cpp
09f188fb538c52ef61e715cc47d6080c,211,/tmp/bitcoin0.14/src/qt/test/paymentservertests.cpp
3203b9375a8e8ae64e8fa159d6d0a733,156,/tmp/bitcoin0.14/src/qt/test/rpcnestedtests.cpp
60d2d779e73bacfc9fcee45b0f0d6701,71,/tmp/bitcoin0.14/src/qt/test/test_main.cpp
f65e43d399a0012d357ec63c0803d9e4,66,/tmp/bitcoin0.14/src/qt/test/uritests.cpp
fff44cd318dbab61655e46843f18d490,313,/tmp/bitcoin0.14/src/qt/addressbookpage.cpp
ac0e0ff67fc5c44907ec5bfa53978b64,454,/tmp/bitcoin0.14/src/qt/addresstablemodel.cpp
d7a87455af10b41c26dfcd505cdb5164,275,/tmp/bitcoin0.14/src/qt/askpassphrasedialog.cpp
6943b2b461fecf01386455a7e564b6ad,187,/tmp/bitcoin0.14/src/qt/bantablemodel.cpp
dd765e5d4f7b329db35a0c2bb4ed86da,704,/tmp/bitcoin0.14/src/qt/bitcoin.cpp
1b65b4e52ae25857e6a9ff6b0a02b13d,97,/tmp/bitcoin0.14/src/qt/bitcoinaddressvalidator.cpp
0d1719d8aab2e781118ecd5d4998ce44,302,/tmp/bitcoin0.14/src/qt/bitcoinamountfield.cpp
bc5171eb327f1feaa398ac58e4c4e3ea,1268,/tmp/bitcoin0.14/src/qt/bitcoingui.cpp
7b85fc4eeb6c1e206614c750c5d2e9f7,393,/tmp/bitcoin0.14/src/qt/bitcoinstrings.cpp
06ed1038e541814c3821ff79adc3ba50,213,/tmp/bitcoin0.14/src/qt/bitcoinunits.cpp
2bdedfc2d3146383365a0e9523652171,337,/tmp/bitcoin0.14/src/qt/clientmodel.cpp
088e8f08842131d745547e6bc136b8c5,768,/tmp/bitcoin0.14/src/qt/coincontroldialog.cpp
858310012cab1737341d05d8b20429b4,33,/tmp/bitcoin0.14/src/qt/coincontroltreewidget.cpp
265ff4074995a82a74e2726043606ebf,91,/tmp/bitcoin0.14/src/qt/csvmodelwriter.cpp
b9851ebe8683c2fa9a54648724238e1e,144,/tmp/bitcoin0.14/src/qt/editaddressdialog.cpp
bcf62e0442e4c0a7f0317c618818273d,1004,/tmp/bitcoin0.14/src/qt/guiutil.cpp
7fbf8f5939532be38db49e7d02464180,315,/tmp/bitcoin0.14/src/qt/intro.cpp
b8040592f96ab9fce603c60d337c10bc,172,/tmp/bitcoin0.14/src/qt/modaloverlay.cpp
d0a7f28a6d6bdf4b1b0cd433dfe6cdab,96,/tmp/bitcoin0.14/src/qt/networkstyle.cpp
11684d79384dd5e380d431d1d32461ab,326,/tmp/bitcoin0.14/src/qt/notificator.cpp
7b0c38d55147a1283fe255dcc52a084f,52,/tmp/bitcoin0.14/src/qt/openuridialog.cpp
82683f58fdc5c192932b762a07b3e446,339,/tmp/bitcoin0.14/src/qt/optionsdialog.cpp
5829295ee2ebd49911ba58947a3f49f3,467,/tmp/bitcoin0.14/src/qt/optionsmodel.cpp
82a5dca97cf160972877e36a3b0ff349,273,/tmp/bitcoin0.14/src/qt/overviewpage.cpp
ee91698f97d6f97535b0b18c91a6282a,217,/tmp/bitcoin0.14/src/qt/paymentrequestplus.cpp
b8afddd796b1cf859a4a466c05be47d6,812,/tmp/bitcoin0.14/src/qt/paymentserver.cpp
268183f0011fa64331017e106a2da30f,242,/tmp/bitcoin0.14/src/qt/peertablemodel.cpp
b66b620054daaa4526f5ca67aa922db3,147,/tmp/bitcoin0.14/src/qt/platformstyle.cpp
ad1be28008d3fc64b180415a8de733d4,123,/tmp/bitcoin0.14/src/qt/qvalidatedlineedit.cpp
0d2d7b4b44bb03f7eef4e9acfafd13f9,31,/tmp/bitcoin0.14/src/qt/qvaluecombobox.cpp
ce4513a9d5ccc9d6e92914e6026da5fb,295,/tmp/bitcoin0.14/src/qt/receivecoinsdialog.cpp
baa1fa6bb06f86474c3a1f230b57ab5e,209,/tmp/bitcoin0.14/src/qt/receiverequestdialog.cpp
def88b7184aded95e6f4dcecb930104e,240,/tmp/bitcoin0.14/src/qt/recentrequeststablemodel.cpp
4380b845e215c817614f2b0575a290cf,1195,/tmp/bitcoin0.14/src/qt/rpcconsole.cpp
60cf7025ca24156147bbfd193d2a8ff2,908,/tmp/bitcoin0.14/src/qt/sendcoinsdialog.cpp
7d30391310328d4c598cac13366560ac,266,/tmp/bitcoin0.14/src/qt/sendcoinsentry.cpp
5a579621a0012a51570579373f806541,284,/tmp/bitcoin0.14/src/qt/signverifymessagedialog.cpp
8fc883c2b068f7235501cb56fe3c9d36,218,/tmp/bitcoin0.14/src/qt/splashscreen.cpp
896fab916f3472b8263c52473622c109,175,/tmp/bitcoin0.14/src/qt/trafficgraphwidget.cpp
f6894a6f792a39a4947ef34b15b085e8,322,/tmp/bitcoin0.14/src/qt/transactiondesc.cpp
a7048184c96a65eaee46d241c8e1a1da,25,/tmp/bitcoin0.14/src/qt/transactiondescdialog.cpp
ccb669cf8d13ff61b55188968f094559,114,/tmp/bitcoin0.14/src/qt/transactionfilterproxy.cpp
0f73452f47268f31af0527101f8218ef,272,/tmp/bitcoin0.14/src/qt/transactionrecord.cpp
144438b572f28c9e0154aa350b55fde5,789,/tmp/bitcoin0.14/src/qt/transactiontablemodel.cpp
cbe79d6cca72eb9bd13cac5c9742a199,581,/tmp/bitcoin0.14/src/qt/transactionview.cpp
8c2188fc3047242870b5799ae4761442,193,/tmp/bitcoin0.14/src/qt/utilitydialog.cpp
11445e3ad7ba4b6ce236e485ef89b21e,203,/tmp/bitcoin0.14/src/qt/walletframe.cpp
a782e0f1b6f54aeb9e91b0e31458557e,708,/tmp/bitcoin0.14/src/qt/walletmodel.cpp
555fc58d0d63bb0e88ba5eb378854769,100,/tmp/bitcoin0.14/src/qt/walletmodeltransaction.cpp
073358a82222e4860e9d37fb856bf105,330,/tmp/bitcoin0.14/src/qt/walletview.cpp
10d5c12c4551b961753bb46502de0a88,70,/tmp/bitcoin0.14/src/qt/winshutdownmonitor.cpp
e65f6a4027ac41573a32e034deafff12,1459,/tmp/bitcoin0.14/src/rpc/blockchain.cpp
fc452c38897ba83119bf4d3619776a53,220,/tmp/bitcoin0.14/src/rpc/client.cpp
efce766209483fa38282a2a8f89647d7,950,/tmp/bitcoin0.14/src/rpc/mining.cpp
146ec96dc89e3f365645156b9cbff140,532,/tmp/bitcoin0.14/src/rpc/misc.cpp
c4e3892a9dcb1ba5d0264820ba6895d3,626,/tmp/bitcoin0.14/src/rpc/net.cpp
b073e4a56bd28884e24b0f29a0b6c24e,128,/tmp/bitcoin0.14/src/rpc/protocol.cpp
b289c9a177914ba8392989f62591d177,949,/tmp/bitcoin0.14/src/rpc/rawtransaction.cpp
76ee87bd3918df920207c044c3eba1db,558,/tmp/bitcoin0.14/src/rpc/server.cpp
9b0f7bfc53056ad4724ec162e9308887,129,/tmp/bitcoin0.14/src/script/bitcoinconsensus.cpp
19ee1e1a2b192123740706c80fab4fbd,1573,/tmp/bitcoin0.14/src/script/interpreter.cpp
a0e779e81efdd66ddffb361e0a44d9f4,156,/tmp/bitcoin0.14/src/script/ismine.cpp
1054fb1047e0381fde131ac31fb46eeb,271,/tmp/bitcoin0.14/src/script/script.cpp
23b71a94b51c5a4904106034ce41befc,95,/tmp/bitcoin0.14/src/script/script_error.cpp
003d81b1c804fbd6f3e143a6bb779573,115,/tmp/bitcoin0.14/src/script/sigcache.cpp
9a07bc430c124c6a67b9444fe48fd284,426,/tmp/bitcoin0.14/src/script/sign.cpp
8d6a3bc36662b2ddb1701a5c400795f4,325,/tmp/bitcoin0.14/src/script/standard.cpp
cc697b3a83173d8f13b2f67b26f4dd9d,13,/tmp/bitcoin0.14/src/support/cleanse.cpp
dd1d94f4ecf47a2a5c55a15ce8ddec84,385,/tmp/bitcoin0.14/src/support/lockedpool.cpp
78f487820b0b0c30d8e3b998a6b2e92d,218,/tmp/bitcoin0.14/src/test/DoS_tests.cpp
6f1a36029d0b849ee2a9cf3ef6e460fe,543,/tmp/bitcoin0.14/src/test/addrman_tests.cpp
73060f5c28b15827db35b15b88b6c812,234,/tmp/bitcoin0.14/src/test/allocator_tests.cpp
7e086fdd5d1c406436fd0781934636db,71,/tmp/bitcoin0.14/src/test/amount_tests.cpp
a6aecca3398a6fc194dc599e16757fea,567,/tmp/bitcoin0.14/src/test/arith_uint256_tests.cpp
c64f3d8b77447e290da37900122b721e,25,/tmp/bitcoin0.14/src/test/base32_tests.cpp
8a68cccc2e2606e63f514512c4ac6efb,271,/tmp/bitcoin0.14/src/test/base58_tests.cpp
54565f87798a077a63d38b19940a2272,25,/tmp/bitcoin0.14/src/test/base64_tests.cpp
5fff3dc447ebaf11ea213a6bf4697a00,149,/tmp/bitcoin0.14/src/test/bip32_tests.cpp
c69c815e9283c9a2a70a36fdc2c936f2,340,/tmp/bitcoin0.14/src/test/blockencodings_tests.cpp
d01d4393e0d2ee17652d29a68280a949,544,/tmp/bitcoin0.14/src/test/bloom_tests.cpp
a4c875029b4544eeb9407dc17cfda8f1,26,/tmp/bitcoin0.14/src/test/bswap_tests.cpp
700718da8b704316da89eb2398d6ad40,442,/tmp/bitcoin0.14/src/test/checkqueue_tests.cpp
f50dc7c5c8a405173f8a3c8251c09fab,876,/tmp/bitcoin0.14/src/test/coins_tests.cpp
85f90e778f5603d178387a826757e96b,65,/tmp/bitcoin0.14/src/test/compress_tests.cpp
73549f97ad8a1df6031a7e7af57c54c7,442,/tmp/bitcoin0.14/src/test/crypto_tests.cpp
f61cf0cc4a96153699d906b41ed8da54,394,/tmp/bitcoin0.14/src/test/cuckoocache_tests.cpp
92bcde7598152c16949be5da352434e9,323,/tmp/bitcoin0.14/src/test/dbwrapper_tests.cpp
d574212e2cfdff1550cc168f1b3d1878,162,/tmp/bitcoin0.14/src/test/getarg_tests.cpp
2b50360860129958d582235bb0ded395,133,/tmp/bitcoin0.14/src/test/hash_tests.cpp
0fb3b58926d6db0db9412e52849afebb,189,/tmp/bitcoin0.14/src/test/key_tests.cpp
8d863b35025ea94131f48321c2a061d1,101,/tmp/bitcoin0.14/src/test/limitedmap_tests.cpp
d1f9abd2027ccaa3008f0a8ba09a6198,76,/tmp/bitcoin0.14/src/test/main_tests.cpp
dcd716bc6f7b99e66595ddd8e881da2f,587,/tmp/bitcoin0.14/src/test/mempool_tests.cpp
49acf4e46df0632f061e977f54b91a6b,136,/tmp/bitcoin0.14/src/test/merkle_tests.cpp
7ab491f402d6354cb1e152eb85b11c3d,496,/tmp/bitcoin0.14/src/test/miner_tests.cpp
269149fc1afe2a40ac07efe770ffd070,309,/tmp/bitcoin0.14/src/test/multisig_tests.cpp
2eb0df0033cca63aa4437cafcfec11a1,175,/tmp/bitcoin0.14/src/test/net_tests.cpp
8f5e61df4031d549387556edbe242dfa,287,/tmp/bitcoin0.14/src/test/netbase_tests.cpp
d8a991a07c9c1a69eee56082467ca234,127,/tmp/bitcoin0.14/src/test/pmt_tests.cpp
190b8c3cbc28ccff2986275369dc3a32,200,/tmp/bitcoin0.14/src/test/policyestimator_tests.cpp
e6687236cc57ecbed5d71ba795e7fde1,96,/tmp/bitcoin0.14/src/test/pow_tests.cpp
5a572f1c2100667c9a6a92182e9ea456,269,/tmp/bitcoin0.14/src/test/prevector_tests.cpp
969a22ec4305e019e05fefd2a8fe22c5,94,/tmp/bitcoin0.14/src/test/raii_event_tests.cpp
db52699e7d68e5370e1c6f5fd87fb719,60,/tmp/bitcoin0.14/src/test/reverselock_tests.cpp
73a46ecbb3d01028657814b8876d6fd1,346,/tmp/bitcoin0.14/src/test/rpc_tests.cpp
7cb59487569ffd5e2aacd1b6d98a12cd,20,/tmp/bitcoin0.14/src/test/sanity_tests.cpp
08724bc2691a5e488a18978570cb5f15,117,/tmp/bitcoin0.14/src/test/scheduler_tests.cpp
b5e0bd3a76d6f8be012ac1b053e56457,368,/tmp/bitcoin0.14/src/test/script_P2SH_tests.cpp
b0b962b3f55053499ec8b0aee653fc3a,1446,/tmp/bitcoin0.14/src/test/script_tests.cpp
6f6a815550551e7245c113c289b465ed,204,/tmp/bitcoin0.14/src/test/scriptnum_tests.cpp
53d8c7542c7f50ebb0aad92a257e39f4,368,/tmp/bitcoin0.14/src/test/serialize_tests.cpp
480e5baad60a5418c7a33c0bffb3c45d,216,/tmp/bitcoin0.14/src/test/sighash_tests.cpp
15619d7cc82bc14a44d2dc63ca615aea,232,/tmp/bitcoin0.14/src/test/sigopcount_tests.cpp
9a8aa57fb3c34fd92c0ae2ed53afaac3,146,/tmp/bitcoin0.14/src/test/skiplist_tests.cpp
44d22eaae533bd3105a403d74c8a986b,124,/tmp/bitcoin0.14/src/test/streams_tests.cpp
24f7c50b31a1b5dd4ccb805e2c8d0063,170,/tmp/bitcoin0.14/src/test/test_bitcoin.cpp
108c83ec7099e9aedcf9872cc253af4a,258,/tmp/bitcoin0.14/src/test/test_bitcoin_fuzzy.cpp
5c85aa01ff0e4a851e723de5ba6decaa,33,/tmp/bitcoin0.14/src/test/testutil.cpp
dbdfd5e9d4ee798eddec0a46109f66e3,37,/tmp/bitcoin0.14/src/test/timedata_tests.cpp
1ad5a14eed4ce030ee842c2572180180,761,/tmp/bitcoin0.14/src/test/transaction_tests.cpp
7a7e97e27a8b10652dc967dcce4482c0,87,/tmp/bitcoin0.14/src/test/txvalidationcache_tests.cpp
f086564af506717062acac9d19a83a62,269,/tmp/bitcoin0.14/src/test/uint256_tests.cpp
bf2d955010ea4168b6dcc35e0deb1e16,333,/tmp/bitcoin0.14/src/test/univalue_tests.cpp
bc04ec9ecf841cfb833b64ac6721aa69,569,/tmp/bitcoin0.14/src/test/util_tests.cpp
9b778f4ea3289694f77b727515d68ccf,338,/tmp/bitcoin0.14/src/test/versionbits_tests.cpp
3403404b9fc5dde207f331a05b7d2d53,84,/tmp/bitcoin0.14/src/univalue/gen/gen.cpp
9347263030bff6e6a0085204164c5f27,357,/tmp/bitcoin0.14/src/univalue/lib/univalue.cpp
200a8c512b8e8e101ac12a7e281a45af,441,/tmp/bitcoin0.14/src/univalue/lib/univalue_read.cpp
dab0de74a3469f907ca572cfdffd8d05,117,/tmp/bitcoin0.14/src/univalue/lib/univalue_write.cpp
37da1f69103d86f5334d45fd9116b83b,163,/tmp/bitcoin0.14/src/univalue/test/unitester.cpp
6c3f5c2330d534040272001cf2f9448d,139,/tmp/bitcoin0.14/src/wallet/test/accounting_tests.cpp
34e50dbb38805125c4057641203c76d2,238,/tmp/bitcoin0.14/src/wallet/test/crypto_tests.cpp
8d6348394b0d78ab13773ef54e903864,32,/tmp/bitcoin0.14/src/wallet/test/wallet_test_fixture.cpp
90491a8a13b22d45e6a6ff36330db65f,493,/tmp/bitcoin0.14/src/wallet/test/wallet_tests.cpp
a9f1fe1e688ed843076e264ff60ff428,302,/tmp/bitcoin0.14/src/wallet/crypter.cpp
7674c4d913e0b7720bc4b03b10687c47,475,/tmp/bitcoin0.14/src/wallet/db.cpp
aa531dad357a425479de90a6ca95fd5d,1106,/tmp/bitcoin0.14/src/wallet/rpcdump.cpp
113c4ba4d2df4542a7b13bcf2e9e55f3,3057,/tmp/bitcoin0.14/src/wallet/rpcwallet.cpp
3e4353befba54b4986233e2c8b0925f4,3977,/tmp/bitcoin0.14/src/wallet/wallet.cpp
52faec1bd0fb1386a9f5af4840757a38,963,/tmp/bitcoin0.14/src/wallet/walletdb.cpp
d5af7cd18005445596737c1ab70456f8,22,/tmp/bitcoin0.14/src/zmq/zmqabstractnotifier.cpp
294a829adbefc2406a743cbac321b14b,162,/tmp/bitcoin0.14/src/zmq/zmqnotificationinterface.cpp
54eb6ee2c836bbf38b4b1528583aa178,193,/tmp/bitcoin0.14/src/zmq/zmqpublishnotifier.cpp
8210ffb3b988de30a614d63ccca7a3e9,218,/tmp/bitcoin0.14/src/addrdb.cpp
74cb0ea55e53941758af936f1483c462,523,/tmp/bitcoin0.14/src/addrman.cpp
6e92cc0a4afc45ae0b32b3a793c8dd76,43,/tmp/bitcoin0.14/src/amount.cpp
1640e921fa208a24f857c41e83002798,260,/tmp/bitcoin0.14/src/arith_uint256.cpp
5dbae51b9b18c31625b388ae9e644605,320,/tmp/bitcoin0.14/src/base58.cpp
7f43beb872baea03660f0eb5fa0b4092,388,/tmp/bitcoin0.14/src/bitcoin-cli.cpp
90fdf061afab3f9d188a415f44c7a2c0,847,/tmp/bitcoin0.14/src/bitcoin-tx.cpp
4adb28d8eea3cc2da42c69a8ae9fc09e,197,/tmp/bitcoin0.14/src/bitcoind.cpp
8942e53bff99208709dda76ab0c8c725,219,/tmp/bitcoin0.14/src/blockencodings.cpp
47363351ca05bf7ccdc684f2786d6adb,313,/tmp/bitcoin0.14/src/bloom.cpp
a8ebe0c05f267a32356a2348e5b2e276,150,/tmp/bitcoin0.14/src/chain.cpp
b98a38d7a835f2609842fb6303458715,369,/tmp/bitcoin0.14/src/chainparams.cpp
0376c9e3f1dcc69ac7e85e99463545c6,110,/tmp/bitcoin0.14/src/chainparamsbase.cpp
e0100e34809dd9730de49397603ecf6f,32,/tmp/bitcoin0.14/src/checkpoints.cpp
20d95ddcb200c09578bb02bf873f0562,103,/tmp/bitcoin0.14/src/clientversion.cpp
d5915e9abcb5abc7950f35751ff048be,338,/tmp/bitcoin0.14/src/coins.cpp
b290ace4a6b0d8ca7d33e345e5bb47e7,185,/tmp/bitcoin0.14/src/compressor.cpp
1ea97ae1d493c0b38f4aa37ab6451f46,167,/tmp/bitcoin0.14/src/core_read.cpp
fe6684661edd68b0ff45499f05228541,203,/tmp/bitcoin0.14/src/core_write.cpp
5bedcbf0038453196e06797a47c3a70a,151,/tmp/bitcoin0.14/src/dbwrapper.cpp
cadb027e252791f4ae17e574f414d79d,210,/tmp/bitcoin0.14/src/hash.cpp
3753e278641349079788e04bb333406b,262,/tmp/bitcoin0.14/src/httprpc.cpp
5a975fa88d132f6d87df613170637953,672,/tmp/bitcoin0.14/src/httpserver.cpp
1094be88514003d142ca00978beca917,1660,/tmp/bitcoin0.14/src/init.cpp
60c208d6efa832083bc89617852154b8,323,/tmp/bitcoin0.14/src/key.cpp
2c292cc7c71330a62dfc7adf85c925c1,115,/tmp/bitcoin0.14/src/keystore.cpp
545cabcf18991ad3e0b733c94f92c86b,181,/tmp/bitcoin0.14/src/merkleblock.cpp
181db945ce02a5e2483c7bed308df5ea,646,/tmp/bitcoin0.14/src/miner.cpp
30f081772a46fca45d0401b6370187c3,2829,/tmp/bitcoin0.14/src/net.cpp
f190f077fdeae9edfc2c3681692fc530,3281,/tmp/bitcoin0.14/src/net_processing.cpp
3007f7111656357b5aba46a88f7838b1,716,/tmp/bitcoin0.14/src/netaddress.cpp
91578fff84bfe70dfee5a95b9a4306d4,718,/tmp/bitcoin0.14/src/netbase.cpp
1ef462612873da1d38720b3faf90f2e2,58,/tmp/bitcoin0.14/src/noui.cpp
7eea49eedc692df7ee61a607231effa0,94,/tmp/bitcoin0.14/src/pow.cpp
f0d7d62d443bd8b78e52a07f822c367e,194,/tmp/bitcoin0.14/src/protocol.cpp
67cb59a80dd182a3469eb123faa42b4d,303,/tmp/bitcoin0.14/src/pubkey.cpp
685b1b57e85d92cd01151b857b3a121d,197,/tmp/bitcoin0.14/src/random.cpp
28143fe0cdfbfbffcbcbe4f6e9169bbe,632,/tmp/bitcoin0.14/src/rest.cpp
4e7fe2886b0cabc08ae777362a222f4e,133,/tmp/bitcoin0.14/src/scheduler.cpp
d5d0c9942c40d6b93e89b2ad3bffde9f,183,/tmp/bitcoin0.14/src/sync.cpp
772eb9bd026250860455593c2546982f,41,/tmp/bitcoin0.14/src/threadinterrupt.cpp
67f61cb9016de19ece8267312258ccaa,118,/tmp/bitcoin0.14/src/timedata.cpp
4b4547ea74b1ba7ebac4ab2af1e721ee,708,/tmp/bitcoin0.14/src/torcontrol.cpp
d5cf67435b9bb6226a825960298f9f96,217,/tmp/bitcoin0.14/src/txdb.cpp
b525a986a3c7f71ad402b958b5a45b3d,1155,/tmp/bitcoin0.14/src/txmempool.cpp
bfeed75578b116939997b670b361dbe2,29,/tmp/bitcoin0.14/src/ui_interface.cpp
5fdcf5b0e8afce5df3bd0808f665ff55,82,/tmp/bitcoin0.14/src/uint256.cpp
f7318c15ec45adf27afba8e97997d245,856,/tmp/bitcoin0.14/src/util.cpp
3797be6e2294f64d4f4cbc1e6daef7a3,79,/tmp/bitcoin0.14/src/utilmoneystr.cpp
adc4cfc110dbc70f566b322e2be46342,704,/tmp/bitcoin0.14/src/utilstrencodings.cpp
8fad6fb8f712d4181814b07db99775b4,89,/tmp/bitcoin0.14/src/utiltime.cpp
319de394ea1882ab7d4db94473f6804e,4330,/tmp/bitcoin0.14/src/validation.cpp
2a78a09837dc3a6c65e399007d7c805c,52,/tmp/bitcoin0.14/src/validationinterface.cpp
430b4d9c3bdaa6700ec5b38f841aebe6,185,/tmp/bitcoin0.14/src/versionbits.cpp
3d198e720d43eb6c1a89fe7279147263,89,/tmp/bitcoin0.14/src/warnings.cpp
f0c7f9a82867c47ebb869b96279bc26a,29,/tmp/bitcoin0.14/contrib/devtools/gen-manpages.sh
190ea66de530189668ee0b7593eafc84,77,/tmp/bitcoin0.14/contrib/devtools/git-subtree-check.sh
86597db250cc8e1914e8fbdd1fed50f2,56,/tmp/bitcoin0.14/contrib/macdeploy/detached-sig-apply.sh
a09114853e92014bb344ff780e68691f,51,/tmp/bitcoin0.14/contrib/macdeploy/detached-sig-create.sh
06e4a262b238a1321f8470e6e916967f,33,/tmp/bitcoin0.14/contrib/macdeploy/extract-osx-sdk.sh
44e48c40c87dbf5348acebb9befc9449,59,/tmp/bitcoin0.14/contrib/qos/tc.sh
6dcab13df25ab1b0d0e67f2410619fef,33,/tmp/bitcoin0.14/contrib/verify-commits/gpg.sh
3f9d466d1ead243699621570a6c30c59,20,/tmp/bitcoin0.14/contrib/verify-commits/pre-push-hook.sh
f69493284bb98f0a6447d58aa67570c1,63,/tmp/bitcoin0.14/contrib/verify-commits/verify-commits.sh
7a144bf522f5d5e76a2a4b1f6b64cbb8,127,/tmp/bitcoin0.14/contrib/verifybinaries/verify.sh
90863bae0da3c5eceb986b75bdf5f8e2,392,/tmp/bitcoin0.14/contrib/gitian-build.sh
0a27126193fefd4517f752c5707708f0,62,/tmp/bitcoin0.14/contrib/tidy_datadir.sh
826cbd54005865becae8d1f6cf78af9f,48,/tmp/bitcoin0.14/share/genbuild.sh
ea14e91875930345b00c2da33c54e59c,11,/tmp/bitcoin0.14/src/qt/res/movies/makespinner.sh
d359f3d8945f1a93acc35ef14a436bc9,3,/tmp/bitcoin0.14/src/secp256k1/autogen.sh
22b4c67410a195b9dc85d34f5bafb016,9,/tmp/bitcoin0.14/src/univalue/autogen.sh
c30b02e2feb8d374890ca3cd284321b0,15,/tmp/bitcoin0.14/autogen.sh
0478cac734e9419bd1637fc640fda779,459,/tmp/bitcoin0.14/src/leveldb/doc/benchmark.html
867fc9304986311598c736d795bb87fa,213,/tmp/bitcoin0.14/src/leveldb/doc/impl.html
731d10466b7c7bf75d49f7f1ec19143f,549,/tmp/bitcoin0.14/src/leveldb/doc/index.html
0b47b55a4fda9b5e03be86c4f6563543,80,/tmp/bitcoin0.14/src/bench/bench.h
f9a0a6731d13355d02db956ebab40f7e,37,/tmp/bitcoin0.14/src/bench/perf.h
c4359508cd4bd7b584e5b3b2d44cd3b3,11,/tmp/bitcoin0.14/src/compat/sanity.h
b7f35808866a1958cc45be64c63b4014,66,/tmp/bitcoin0.14/src/compat/byteswap.h
afebe38f63b24c17c7a2dcdfcafcfd6b,196,/tmp/bitcoin0.14/src/compat/endian.h
acf7a52ee34ba7b75a5eff3dd5f54220,31,/tmp/bitcoin0.14/src/consensus/consensus.h
9790d81925d4b2b365396a5ecc1b8fcd,38,/tmp/bitcoin0.14/src/consensus/merkle.h
196ac023f1836e10f2dfd59b43920ed7,69,/tmp/bitcoin0.14/src/consensus/params.h
57ca1c21455af2a1e60a289ccf9c020e,88,/tmp/bitcoin0.14/src/consensus/validation.h
564bd4710cf7bad7113f94674b9bf84b,41,/tmp/bitcoin0.14/src/crypto/ctaes/ctaes.h
d3956db4945399ac5ac21351dfa74024,28,/tmp/bitcoin0.14/src/crypto/ripemd160.h
830cc7b22fd2b4aac73dd554d77d7f0b,28,/tmp/bitcoin0.14/src/crypto/sha1.h
f1904bdc0f054090998875d839d4fff7,118,/tmp/bitcoin0.14/src/crypto/aes.h
73aad5a9b50c03b35ed8d1c67a3bc29d,82,/tmp/bitcoin0.14/src/crypto/common.h
80e1f521a8f6953ecc77c42dfafd2dff,32,/tmp/bitcoin0.14/src/crypto/hmac_sha256.h
19ebff518246d9a07383495186054bed,32,/tmp/bitcoin0.14/src/crypto/hmac_sha512.h
6f9b44595a41cbf6a95c427b2ba9da3a,28,/tmp/bitcoin0.14/src/crypto/sha256.h
8f7ade6d1ff45cc36a52e1e537ae0fc6,28,/tmp/bitcoin0.14/src/crypto/sha512.h
b8adc56ab4d0ffefade6ebbd25c24244,34,/tmp/bitcoin0.14/src/leveldb/db/builder.h
3c24096397d6da5a470f43b68f120f48,211,/tmp/bitcoin0.14/src/leveldb/db/db_impl.h
eed2c9818c0b85040ae117ef811395fe,28,/tmp/bitcoin0.14/src/leveldb/db/db_iter.h
1252d6c79c8c7e54aa06b12ee5a7a030,230,/tmp/bitcoin0.14/src/leveldb/db/dbformat.h
56574df1eab0ce9f4cab2897245bfb8a,85,/tmp/bitcoin0.14/src/leveldb/db/filename.h
3f5f2351350c96d233743ab97a157f3e,113,/tmp/bitcoin0.14/src/leveldb/db/log_reader.h
eca02b3d31fe3a8e079d499f178156e4,54,/tmp/bitcoin0.14/src/leveldb/db/log_writer.h
efd69bd5039a9b418cc0f014a2ccdaec,88,/tmp/bitcoin0.14/src/leveldb/db/memtable.h
9e851ff6009fb7ff46c0fd67f9d09e44,384,/tmp/bitcoin0.14/src/leveldb/db/skiplist.h
54e9351cc7b5b585bbafcbbc336dc98d,67,/tmp/bitcoin0.14/src/leveldb/db/snapshot.h
5a89f99d4d678288671fbfacbd478cee,61,/tmp/bitcoin0.14/src/leveldb/db/table_cache.h
e8ad06b6fd51cfb86f84ac366007b91c,107,/tmp/bitcoin0.14/src/leveldb/db/version_edit.h
ce7d9ade238a610c0c51ff8784c59928,50,/tmp/bitcoin0.14/src/leveldb/db/write_batch_internal.h
2560e9dc1ab8e4d8185a80db531c7466,35,/tmp/bitcoin0.14/src/leveldb/db/log_format.h
793e5fb0e870dc8c876d89885d08e11a,398,/tmp/bitcoin0.14/src/leveldb/db/version_set.h
ea657ef8e5ddfc0fe9a4563e757a1f24,20,/tmp/bitcoin0.14/src/leveldb/helpers/memenv/memenv.h
b16a2b984f3dc7ee9ba359380a8c7259,290,/tmp/bitcoin0.14/src/leveldb/include/leveldb/c.h
443eb8d9c43626a6347f62c1f70ca27b,110,/tmp/bitcoin0.14/src/leveldb/include/leveldb/cache.h
b27a684d6d21f2dfd4cf97876570a5c6,63,/tmp/bitcoin0.14/src/leveldb/include/leveldb/comparator.h
05c62c4c94fc58a001088f448d9b6794,25,/tmp/bitcoin0.14/src/leveldb/include/leveldb/dumpfile.h
b82bfa55eac5d3b647068631a82752b7,70,/tmp/bitcoin0.14/src/leveldb/include/leveldb/filter_policy.h
bf21a8c83c3f1de543b23411deddc230,100,/tmp/bitcoin0.14/src/leveldb/include/leveldb/iterator.h
2ea2d73d4e732c3c630ba70687538741,109,/tmp/bitcoin0.14/src/leveldb/include/leveldb/slice.h
8543c769f22fe7a11ff042fb6c486cb4,112,/tmp/bitcoin0.14/src/leveldb/include/leveldb/status.h
dcb1619844273ae1c83a195914d226c1,85,/tmp/bitcoin0.14/src/leveldb/include/leveldb/table.h
59e66f7f4d8ac95ca2ae01796261ea5a,92,/tmp/bitcoin0.14/src/leveldb/include/leveldb/table_builder.h
fa29e26ac1d2b4b423ac27c849ec99a0,64,/tmp/bitcoin0.14/src/leveldb/include/leveldb/write_batch.h
3daa7dcb5b90251253efc6d57d1e4e9f,163,/tmp/bitcoin0.14/src/leveldb/include/leveldb/db.h
d7ec546dafa8dc7ec9ff8aa4750c3f6d,351,/tmp/bitcoin0.14/src/leveldb/include/leveldb/env.h
2f04a6bec7a7394b2828567720bfe06d,201,/tmp/bitcoin0.14/src/leveldb/include/leveldb/options.h
60cad66d17b9e898744ec33d2689072d,24,/tmp/bitcoin0.14/src/leveldb/port/win/stdint.h
ede1b2424d7c8157c490ede6725d571c,21,/tmp/bitcoin0.14/src/leveldb/port/port.h
f41599e231d7d4d49bb014773c3c4303,60,/tmp/bitcoin0.14/src/leveldb/port/thread_annotations.h
a2c4ca8177bef8ace238c779f6c8e4ab,242,/tmp/bitcoin0.14/src/leveldb/port/atomic_pointer.h
482b71cbf4c197adde112222a1d90f2f,135,/tmp/bitcoin0.14/src/leveldb/port/port_example.h
7053888290465ecdd7bbde0e2441b017,158,/tmp/bitcoin0.14/src/leveldb/port/port_posix.h
3dace0b580bf3c0da7e2e19132b4f42c,174,/tmp/bitcoin0.14/src/leveldb/port/port_win.h
164f9fdc35c64e27a5df1b83fd9863dd,44,/tmp/bitcoin0.14/src/leveldb/table/block.h
0a622eebd698e0c14121b9891d416bbf,57,/tmp/bitcoin0.14/src/leveldb/table/block_builder.h
4fa144d03a29a5e104398897a4ee3f40,68,/tmp/bitcoin0.14/src/leveldb/table/filter_block.h
99ea5c4bcebddc1d0d9b089126d4be45,108,/tmp/bitcoin0.14/src/leveldb/table/format.h
094caa25b6ce38f79d7acb3ee7b30b72,66,/tmp/bitcoin0.14/src/leveldb/table/iterator_wrapper.h
f294726a0a6e2c5465442fbf82b60727,26,/tmp/bitcoin0.14/src/leveldb/table/merger.h
24df6ee58ae4d6e6e282d2240707271f,34,/tmp/bitcoin0.14/src/leveldb/table/two_level_iterator.h
8b25047a6817c642359a2808ade3faf4,68,/tmp/bitcoin0.14/src/leveldb/util/arena.h
3cf197e418693f8f7874bbf893a14dce,104,/tmp/bitcoin0.14/src/leveldb/util/coding.h
6153713ec4c5bd1e49edaa444ca771f2,45,/tmp/bitcoin0.14/src/leveldb/util/crc32c.h
26a7fe0d7d7958bd664a53ea8ac40af8,19,/tmp/bitcoin0.14/src/leveldb/util/hash.h
1e6292c78f4183bac46b0689ae3373df,42,/tmp/bitcoin0.14/src/leveldb/util/histogram.h
3d335e3a0bbf3975eb62e38ebb6d91e1,43,/tmp/bitcoin0.14/src/leveldb/util/logging.h
18d09b6fba075022fa998799589a5027,41,/tmp/bitcoin0.14/src/leveldb/util/mutexlock.h
9ef08ee36118b8b43b079da8d6e90ee1,98,/tmp/bitcoin0.14/src/leveldb/util/posix_logger.h
67282f980207e3b19d6bd1d50f94ea10,64,/tmp/bitcoin0.14/src/leveldb/util/random.h
401f1de1bc1372989b86147ad37824c8,138,/tmp/bitcoin0.14/src/leveldb/util/testharness.h
f3376e1ea70861f970ab290e1e9bb771,63,/tmp/bitcoin0.14/src/leveldb/util/testutil.h
3727761d2ab4ce2343e2483c4bd2ddb2,279,/tmp/bitcoin0.14/src/policy/fees.h
fee0ee3a94d6303c4142864e9b9ca2d2,104,/tmp/bitcoin0.14/src/policy/policy.h
d5cfb64f2b8cf13e0ea74b2e8ec38c66,26,/tmp/bitcoin0.14/src/policy/rbf.h
6359d8a250a51658866309750872e0ff,161,/tmp/bitcoin0.14/src/primitives/block.h
879ee3da9ada7d06a85e1795d6ad250d,460,/tmp/bitcoin0.14/src/primitives/transaction.h
8e02a9ad650fbe401fb75a7f3dbd1d71,19,/tmp/bitcoin0.14/src/qt/test/compattests.h
d1d08547b546c673c37d8586e6332342,19,/tmp/bitcoin0.14/src/qt/test/uritests.h
8147637d7829c1e98e8ce6c0e143fcde,460,/tmp/bitcoin0.14/src/qt/test/paymentrequestdata.h
1e93c2e166c710d6feb4dff24749b59c,35,/tmp/bitcoin0.14/src/qt/test/paymentservertests.h
3fb9c1f3a4ada86d52088880597a1d2b,25,/tmp/bitcoin0.14/src/qt/test/rpcnestedtests.h
318e87459c02dcc9a0b2cdcf770e45be,35,/tmp/bitcoin0.14/src/qt/bitcoinaddressvalidator.h
69853dbc8c10898e80706fdd2efb9083,53,/tmp/bitcoin0.14/src/qt/signverifymessagedialog.h
eb5fd7fd4c89d3de3e4b5573239c367d,88,/tmp/bitcoin0.14/src/qt/addressbookpage.h
08f0cef230ba2849d2a7175cdd0fe090,95,/tmp/bitcoin0.14/src/qt/addresstablemodel.h
780e28c8285ff814a45ed75ea40231cb,52,/tmp/bitcoin0.14/src/qt/askpassphrasedialog.h
604e592d3dfe48f497a834eb172dcf02,73,/tmp/bitcoin0.14/src/qt/bantablemodel.h
7a799dda7e8ed1a2c94e2f52fd6c5ba1,75,/tmp/bitcoin0.14/src/qt/bitcoinamountfield.h
366ea3fa562c8c3d77cbf31c098f1382,277,/tmp/bitcoin0.14/src/qt/bitcoingui.h
d78ccbf8456ad1bd38bf7dab45ec2477,128,/tmp/bitcoin0.14/src/qt/bitcoinunits.h
882f2deb36355077b43c3dbc6ba04899,122,/tmp/bitcoin0.14/src/qt/clientmodel.h
41e35b0097f2fcf55df0fac881bbb4ee,113,/tmp/bitcoin0.14/src/qt/coincontroldialog.h
ca2ae8a33c3007b98b10e81e82be3763,22,/tmp/bitcoin0.14/src/qt/coincontroltreewidget.h
01ad7878f2b518890b5c1386a990ad4a,46,/tmp/bitcoin0.14/src/qt/csvmodelwriter.h
46801c25cd06816307abc6f0f6e6134b,57,/tmp/bitcoin0.14/src/qt/editaddressdialog.h
ad1f2bdb4ede3c94b179698bbbb25ccf,56,/tmp/bitcoin0.14/src/qt/guiconstants.h
e2b5927e5773c357b7782364a26f48eb,247,/tmp/bitcoin0.14/src/qt/guiutil.h
21cb4c8010d0a2a863237010284de488,78,/tmp/bitcoin0.14/src/qt/intro.h
7567a4715382d02a83ccee90c1a24c5a,44,/tmp/bitcoin0.14/src/qt/macdockiconhandler.h
39102db7ff82afcf89b05e1b87664a4a,30,/tmp/bitcoin0.14/src/qt/macnotificationhandler.h
e7ef22d89c6b66c5efa3c061e698e1fb,50,/tmp/bitcoin0.14/src/qt/modaloverlay.h
6001b50e82992408cc00e273e37bc0d4,33,/tmp/bitcoin0.14/src/qt/networkstyle.h
5ee963a1ba142eaf76b443d5b8e3dab6,80,/tmp/bitcoin0.14/src/qt/notificator.h
5498a3b1acb01fc2ac9160ff934af2db,34,/tmp/bitcoin0.14/src/qt/openuridialog.h
380412efe231dd1809194c6c4d54d8e4,70,/tmp/bitcoin0.14/src/qt/optionsdialog.h
2483b7732d72fd82271952a8e2278953,98,/tmp/bitcoin0.14/src/qt/optionsmodel.h
283e9f5ea19768803625d58e1d86b5f7,70,/tmp/bitcoin0.14/src/qt/overviewpage.h
887b339cf5631794015d28a04d448604,51,/tmp/bitcoin0.14/src/qt/paymentrequestplus.h
cf259aaf45c515dfa90a08335bc097ec,148,/tmp/bitcoin0.14/src/qt/paymentserver.h
cf68583bb12f75b23ab42d7484aa9ebd,83,/tmp/bitcoin0.14/src/qt/peertablemodel.h
043712c83674e8fab2a61b9c54e28c7a,55,/tmp/bitcoin0.14/src/qt/platformstyle.h
4f29b8e1575eca7240a922e3ffa2d881,43,/tmp/bitcoin0.14/src/qt/qvalidatedlineedit.h
19c5010c6102c21cb28d7441c8190a4b,37,/tmp/bitcoin0.14/src/qt/qvaluecombobox.h
9d5c18e79e8a7499527818d6bf04f51e,81,/tmp/bitcoin0.14/src/qt/receivecoinsdialog.h
2c9213bb120253e19dfba0390f6e34fd,71,/tmp/bitcoin0.14/src/qt/receiverequestdialog.h
dee8a2e0a669a9576a7c8620a02ab13e,107,/tmp/bitcoin0.14/src/qt/recentrequeststablemodel.h
737056d31f8f4162172c6f198de0bef5,160,/tmp/bitcoin0.14/src/qt/rpcconsole.h
ba56b74a939c9fa8c077de3ae907300e,122,/tmp/bitcoin0.14/src/qt/sendcoinsdialog.h
ef0d34b3121334a182f84d5c3689a0a1,73,/tmp/bitcoin0.14/src/qt/sendcoinsentry.h
bd9419b704a4b7af898a24e321bcaa31,54,/tmp/bitcoin0.14/src/qt/splashscreen.h
73d733035bb4b6dd00d20cdc797ceeff,48,/tmp/bitcoin0.14/src/qt/trafficgraphwidget.h
e0ebbe271f8b4e3e8c23915557e83b8f,31,/tmp/bitcoin0.14/src/qt/transactiondesc.h
b5e8612cc162961a332e8099bd657b14,31,/tmp/bitcoin0.14/src/qt/transactiondescdialog.h
93444c0c92a666cb877ec7e3f9ceb5c8,68,/tmp/bitcoin0.14/src/qt/transactionfilterproxy.h
dca95eba9fbdc2d7817905e4ef813c9a,144,/tmp/bitcoin0.14/src/qt/transactionrecord.h
2bf3f2a5ae887fae68b9bc0b7904202f,120,/tmp/bitcoin0.14/src/qt/transactiontablemodel.h
3821d0bc0eb4fcfda1eee9990ee9d4d2,120,/tmp/bitcoin0.14/src/qt/transactionview.h
ac0d5248b03e0184461e38e21ab93aa2,52,/tmp/bitcoin0.14/src/qt/utilitydialog.h
a742394081285c00d9ba6d1047101cba,96,/tmp/bitcoin0.14/src/qt/walletframe.h
9a15593f30961818a6ac416326ba690e,283,/tmp/bitcoin0.14/src/qt/walletmodel.h
87a0146bc028783377556c703c278f2f,47,/tmp/bitcoin0.14/src/qt/walletmodeltransaction.h
036ef682d77b475141af3ac91c4ae6b1,131,/tmp/bitcoin0.14/src/qt/walletview.h
af2007bba9dcef61b467973606bb7d53,29,/tmp/bitcoin0.14/src/qt/winshutdownmonitor.h
f8e6035fe78fafec4f278f4ab7901d38,22,/tmp/bitcoin0.14/src/rpc/client.h
560a0feb415c3ad493f92cc60074996c,94,/tmp/bitcoin0.14/src/rpc/protocol.h
ef5e4fea2b6bbec55445a6fafc8d3c3c,32,/tmp/bitcoin0.14/src/rpc/register.h
4caf34ecbe9e1d80d2c1f5dec5cad73a,212,/tmp/bitcoin0.14/src/rpc/server.h
73f1021df0a714dd0e455e903495e37a,83,/tmp/bitcoin0.14/src/script/bitcoinconsensus.h
05f36283ba66105eaa4110ba6deb899d,182,/tmp/bitcoin0.14/src/script/interpreter.h
811989284a371f345235e8ad37bb1453,41,/tmp/bitcoin0.14/src/script/ismine.h
232aae6be6bb11bd10883a03f3acd650,672,/tmp/bitcoin0.14/src/script/script.h
8767092dafefcdee58706de297a9f6f0,74,/tmp/bitcoin0.14/src/script/script_error.h
0cb9540160dda8056b6c1986937ea857,35,/tmp/bitcoin0.14/src/script/sigcache.h
e8fd9a12b7ec5006b68f85bf71f6821a,84,/tmp/bitcoin0.14/src/script/sign.h
52a108ae47f74e2e0c1e549fff310a7b,84,/tmp/bitcoin0.14/src/script/standard.h
3278f3463b8beacbd593828581e554cb,91,/tmp/bitcoin0.14/src/secp256k1/contrib/lax_der_parsing.h
ec2cf9c46ae87360134c22843a578fc9,90,/tmp/bitcoin0.14/src/secp256k1/contrib/lax_der_privatekey_parsing.h
bead14e247cadd64e0e01491693c3cee,577,/tmp/bitcoin0.14/src/secp256k1/include/secp256k1.h
72e25eac1cd4559e601e73161f043eb1,31,/tmp/bitcoin0.14/src/secp256k1/include/secp256k1_ecdh.h
6647748ffc0a40e712fa9dfa87b29ee6,110,/tmp/bitcoin0.14/src/secp256k1/include/secp256k1_recovery.h
3862cc25defa6d955715a840395b73c8,119,/tmp/bitcoin0.14/src/secp256k1/src/java/org_bitcoin_NativeSecp256k1.h
d527a69b45304c5104cbc55196f1984a,22,/tmp/bitcoin0.14/src/secp256k1/src/java/org_bitcoin_Secp256k1Context.h
933fcc1ff41e2b49369d70e975e7cc6c,54,/tmp/bitcoin0.14/src/secp256k1/src/modules/ecdh/main_impl.h
e16560623bcf3dc5687d5dd6b747f651,75,/tmp/bitcoin0.14/src/secp256k1/src/modules/ecdh/tests_impl.h
c1f3a840b089ceac18de8c6edf89c4eb,193,/tmp/bitcoin0.14/src/secp256k1/src/modules/recovery/main_impl.h
73af5d6d899cf24526757e387dc76592,250,/tmp/bitcoin0.14/src/secp256k1/src/modules/recovery/tests_impl.h
a4d69609c97f16055ea34c72549ef14b,32,/tmp/bitcoin0.14/src/secp256k1/src/basic-config.h
66d59440a12604ecb187bc24a037ebaf,66,/tmp/bitcoin0.14/src/secp256k1/src/bench.h
8f12d48cf2dd1a19d577eebd10f55bdb,21,/tmp/bitcoin0.14/src/secp256k1/src/ecdsa.h
c793883042cc9641ff54bde9fd46aa78,321,/tmp/bitcoin0.14/src/secp256k1/src/ecdsa_impl.h
503e1a0b0d930ca92c0a575f88be4e54,25,/tmp/bitcoin0.14/src/secp256k1/src/eckey.h
fa95317c77c2965ff7cdadec48fca2d5,99,/tmp/bitcoin0.14/src/secp256k1/src/eckey_impl.h
cfa83a13cb89c39bfefb5a69179f578c,31,/tmp/bitcoin0.14/src/secp256k1/src/ecmult.h
71f5f88f98c929b3a9c53eafec4a6aca,15,/tmp/bitcoin0.14/src/secp256k1/src/ecmult_const.h
b6cc79e2f157ae3b6d57c5e031e5f3fd,239,/tmp/bitcoin0.14/src/secp256k1/src/ecmult_const_impl.h
b65b20d94688d31cdbc062d8c4f92fd9,43,/tmp/bitcoin0.14/src/secp256k1/src/ecmult_gen.h
faa79b51cd71d57b9f49dfb44e0f74b8,210,/tmp/bitcoin0.14/src/secp256k1/src/ecmult_gen_impl.h
dba8c9fabbdefc59ee39337fb07ea40d,406,/tmp/bitcoin0.14/src/secp256k1/src/ecmult_impl.h
1daefd4b49bdba5542b5742a71538586,132,/tmp/bitcoin0.14/src/secp256k1/src/field.h
2666ca3be7e82764b61bd81e9a846c75,47,/tmp/bitcoin0.14/src/secp256k1/src/field_10x26.h
b8e23a24e68a01fe3e05aa1d40d6c6b7,1144,/tmp/bitcoin0.14/src/secp256k1/src/field_10x26_impl.h
6c125e067134ac5a8f1d538e01b98dcb,47,/tmp/bitcoin0.14/src/secp256k1/src/field_5x52.h
79a54ad8c06835f602359587b45b0bdc,502,/tmp/bitcoin0.14/src/secp256k1/src/field_5x52_asm_impl.h
83f9cc1df20669a824d84d158428a88f,455,/tmp/bitcoin0.14/src/secp256k1/src/field_5x52_impl.h
6ed89a7e7fcd49bb138427a46c0f1e8b,277,/tmp/bitcoin0.14/src/secp256k1/src/field_5x52_int128_impl.h
1254d5828aa7fb74d0aaeac9c7e258bb,315,/tmp/bitcoin0.14/src/secp256k1/src/field_impl.h
4b9eeeeed2c960ac6fec22520d2800e6,144,/tmp/bitcoin0.14/src/secp256k1/src/group.h
fde2f36d58630d609c2864baa7e2a622,706,/tmp/bitcoin0.14/src/secp256k1/src/group_impl.h
bd5b288abe5f1f4dc2b67308ec347976,41,/tmp/bitcoin0.14/src/secp256k1/src/hash.h
c7364c5b76b39a6bb7b1589457b218b4,281,/tmp/bitcoin0.14/src/secp256k1/src/hash_impl.h
71c81ec68c0958ea68a496cd0736b40c,74,/tmp/bitcoin0.14/src/secp256k1/src/num.h
96c8b5eb35b266dad7f9cb807afc5a8b,20,/tmp/bitcoin0.14/src/secp256k1/src/num_gmp.h
cd3f0c659eb39d58a21409249dc86ea9,288,/tmp/bitcoin0.14/src/secp256k1/src/num_gmp_impl.h
45a971714fa54857493b83164c75f540,24,/tmp/bitcoin0.14/src/secp256k1/src/num_impl.h
b016fb82732d0d7f213cf6aaac469102,106,/tmp/bitcoin0.14/src/secp256k1/src/scalar.h
a5ea27cb62e819e2600fea0791e04ef6,19,/tmp/bitcoin0.14/src/secp256k1/src/scalar_4x64.h
d3bf9d7217c6fcf9ace6dc067523e780,949,/tmp/bitcoin0.14/src/secp256k1/src/scalar_4x64_impl.h
7d0ad3d209377c4e2c8a7697805fcd52,19,/tmp/bitcoin0.14/src/secp256k1/src/scalar_8x32.h
d2b17608e8f9a1b0256c9d12eb83122e,721,/tmp/bitcoin0.14/src/secp256k1/src/scalar_8x32_impl.h
3afd3c22bcd9d6c9ff179ae0a236010f,370,/tmp/bitcoin0.14/src/secp256k1/src/scalar_impl.h
2d528d42a92dd719281a8d6a4b4ca20c,15,/tmp/bitcoin0.14/src/secp256k1/src/scalar_low.h
c6e1dd42b83f4f0ccd561c96ad6ce317,114,/tmp/bitcoin0.14/src/secp256k1/src/scalar_low_impl.h
9ccb5f80c6cee1c98a0bbb6acd96f223,38,/tmp/bitcoin0.14/src/secp256k1/src/testrand.h
eadd0573f4f8660bbd6fcc4f5d029cad,110,/tmp/bitcoin0.14/src/secp256k1/src/testrand_impl.h
436b3f14f4657ac14d24a4b9f40fc7b6,110,/tmp/bitcoin0.14/src/secp256k1/src/util.h
368ca9f48188fa20545d9e4247056867,58,/tmp/bitcoin0.14/src/support/allocators/secure.h
b00edbea92488a5622907ae553054f0d,48,/tmp/bitcoin0.14/src/support/allocators/zeroafterfree.h
f81591eb8ebba0d188136bbfb706b0c3,14,/tmp/bitcoin0.14/src/support/cleanse.h
ad2103a7a7b4bc5c97b0b441611005b5,56,/tmp/bitcoin0.14/src/support/events.h
68c9d261604d95570f4ab102ebff7ccb,231,/tmp/bitcoin0.14/src/support/lockedpool.h
658a4efbf63fa8bd433962dd0386efdd,183,/tmp/bitcoin0.14/src/test/scriptnum10.h
46071e0dbe22a839577197022bd98294,92,/tmp/bitcoin0.14/src/test/test_bitcoin.h
318e74bedc022fa30eeff64f76a2b748,23,/tmp/bitcoin0.14/src/test/test_random.h
e2e48cc3eb05fdbe5bf9aa0224987027,15,/tmp/bitcoin0.14/src/test/testutil.h
8e57d99c7934884aafd5c88d80510bed,283,/tmp/bitcoin0.14/src/univalue/include/univalue.h
55fd937192f18f22188e66f80694ecb6,262,/tmp/bitcoin0.14/src/univalue/lib/univalue_escapes.h
e4874af124d3b9ebdfb82e09b6342d75,119,/tmp/bitcoin0.14/src/univalue/lib/univalue_utffilter.h
ebc69c2423542da3e4091e8ebcc7ddb7,18,/tmp/bitcoin0.14/src/wallet/test/wallet_test_fixture.h
62c4d1e753bc15990f413f5e395cc3e8,79,/tmp/bitcoin0.14/src/wallet/coincontrol.h
abbdc3fa8a7ce1e0d6a2c6766277d554,198,/tmp/bitcoin0.14/src/wallet/crypter.h
adb47bab22d105981a15706f84a57eb2,309,/tmp/bitcoin0.14/src/wallet/db.h
f87a5010e559f2660c68b617749fbac2,12,/tmp/bitcoin0.14/src/wallet/rpcwallet.h
0f572013a3ad5983eb539ffd71a04378,1078,/tmp/bitcoin0.14/src/wallet/wallet.h
09fa3681b0f54fa0d75afb140b03eb83,188,/tmp/bitcoin0.14/src/wallet/walletdb.h
960814e82fc38848d55b501f18b1a28d,44,/tmp/bitcoin0.14/src/zmq/zmqabstractnotifier.h
12f626d0e39214fa39bb91a1fbab1a94,24,/tmp/bitcoin0.14/src/zmq/zmqconfig.h
f70342bc72c21fa36aaf50e34886e671,37,/tmp/bitcoin0.14/src/zmq/zmqnotificationinterface.h
674bddf043332d477ea2b56ea803d3da,55,/tmp/bitcoin0.14/src/zmq/zmqpublishnotifier.h
d96d42256085f68fd1db133bdecaa574,56,/tmp/bitcoin0.14/src/indirectmap.h
44891e82452b01f0b66ace14453f53e1,34,/tmp/bitcoin0.14/src/reverselock.h
be0f9dc3e1d176dd096e2e58befde69a,102,/tmp/bitcoin0.14/src/addrdb.h
cca295668e5a6044df796090ee826f72,594,/tmp/bitcoin0.14/src/addrman.h
b359b1feae81150f637df69290eead55,72,/tmp/bitcoin0.14/src/amount.h
d6191f0d1b5631c33ba41efa54671715,290,/tmp/bitcoin0.14/src/arith_uint256.h
16533015f10dae985dbbdd7115082113,170,/tmp/bitcoin0.14/src/base58.h
a555eb69d0eaf6f2bc0e28699362df27,209,/tmp/bitcoin0.14/src/blockencodings.h
76eb1db6eaf41f866e915564884230f4,143,/tmp/bitcoin0.14/src/bloom.h
b8bfe26a7b6399d438a163222f66bf5f,477,/tmp/bitcoin0.14/src/chain.h
04c723b7cb73fe1fa9a4c75396f0d65d,122,/tmp/bitcoin0.14/src/chainparams.h
202fc0bcf175f99b490a96a37dcefb80,62,/tmp/bitcoin0.14/src/chainparamsbase.h
65372e348f1639a86f774ab1944edbbd,1190,/tmp/bitcoin0.14/src/chainparamsseeds.h
39818fc3534fef40ccf37e2a51c0c9e3,27,/tmp/bitcoin0.14/src/checkpoints.h
13fe700ffc471b98a2710e41d2554c0b,217,/tmp/bitcoin0.14/src/checkqueue.h
ea5c532f66dc6e120b1ce65b266a3653,69,/tmp/bitcoin0.14/src/clientversion.h
fb4775ec920ca21f32e5312c30e7ff15,483,/tmp/bitcoin0.14/src/coins.h
ba2f7d95e37056c8a34033bd67ed6972,94,/tmp/bitcoin0.14/src/compat.h
1e8ec54ca2950ce1693eb2c13979f2e3,121,/tmp/bitcoin0.14/src/compressor.h
af11d9f3bcdd384c04074f8f843e67f8,33,/tmp/bitcoin0.14/src/core_io.h
6795c74710680b4502dc4ecf7cb4da49,66,/tmp/bitcoin0.14/src/core_memusage.h
ff781a93338d205ad45618b63b53ba76,457,/tmp/bitcoin0.14/src/cuckoocache.h
0e9f6fbb4a65912b3226a2c287826c54,292,/tmp/bitcoin0.14/src/dbwrapper.h
b8350467b6387b363c2390c50242c3a4,210,/tmp/bitcoin0.14/src/hash.h
7a4995d76bd7557a52103f951cd8d1d7,37,/tmp/bitcoin0.14/src/httprpc.h
4ceeb6f62bdce80b2410eee53e9e3076,147,/tmp/bitcoin0.14/src/httpserver.h
8e4c2f8097b9612d741f71c9918ccd64,64,/tmp/bitcoin0.14/src/init.h
d71586406cf4f6c8b3d5dfb401c48276,192,/tmp/bitcoin0.14/src/key.h
1cb0971472fe604385332151d37b4743,114,/tmp/bitcoin0.14/src/keystore.h
95d282008a7f4c1875b602cce3b33cf3,100,/tmp/bitcoin0.14/src/limitedmap.h
23e08c1dc62e0e957f189d0886bb34df,172,/tmp/bitcoin0.14/src/memusage.h
74111cd58b38fb377d17584c7de7a1a7,157,/tmp/bitcoin0.14/src/merkleblock.h
afb310488292b1e9886bcf53a709892a,216,/tmp/bitcoin0.14/src/miner.h
32b4984bd4b6852d569b860c674d83e4,822,/tmp/bitcoin0.14/src/net.h
c486cf281e69aaef7e04ff96920a4889,63,/tmp/bitcoin0.14/src/net_processing.h
be2865f2e2921d39bbafaab44f25578c,171,/tmp/bitcoin0.14/src/netaddress.h
b4d07292e9ece6f8f90728034f59ee2e,68,/tmp/bitcoin0.14/src/netbase.h
b3bfb7666073286720281c1945675cc5,36,/tmp/bitcoin0.14/src/netmessagemaker.h
772296bbe53454940a534dc0d103f246,10,/tmp/bitcoin0.14/src/noui.h
17e08edf8d3c3e7282b166a92dc90fc0,23,/tmp/bitcoin0.14/src/pow.h
1a9bd665553a0f32c7d15d2e6f9d0b7b,504,/tmp/bitcoin0.14/src/prevector.h
a90efa5bbe1848f7b068ed9505a90829,364,/tmp/bitcoin0.14/src/protocol.h
6a20d7d189b4996431137216a1d883c7,250,/tmp/bitcoin0.14/src/pubkey.h
09ca755292fc01daf6fe6280e27c4552,49,/tmp/bitcoin0.14/src/random.h
219c5f382d44bf8baa50827d96f43122,83,/tmp/bitcoin0.14/src/scheduler.h
9d7ff59dee42c6283ed39003c7412c5e,959,/tmp/bitcoin0.14/src/serialize.h
78d262e9ebb1ba8fc2bd708bb1d827dd,709,/tmp/bitcoin0.14/src/streams.h
b1506458c26e9178bae7ab267dc9637b,291,/tmp/bitcoin0.14/src/sync.h
3e082a2227472fb8812c83ffd4817ec7,34,/tmp/bitcoin0.14/src/threadinterrupt.h
72aab9986e2f270952ff01effcea0e5c,55,/tmp/bitcoin0.14/src/threadsafety.h
841af8e2f4302d82a67ce3d88e3dfbb6,78,/tmp/bitcoin0.14/src/timedata.h
cdcb395e9d7f5ad263b3d27b456f83af,1049,/tmp/bitcoin0.14/src/tinyformat.h
7b2f20e77c2d3dc6d5193620735dc57f,20,/tmp/bitcoin0.14/src/torcontrol.h
08450956d281788b99a9783d5efee3ee,128,/tmp/bitcoin0.14/src/txdb.h
21f72f0af7fe667d377639f7e12c3778,736,/tmp/bitcoin0.14/src/txmempool.h
723de325baf8415829c71304f5d7e134,124,/tmp/bitcoin0.14/src/ui_interface.h
2d92e9931476b02c96095f5e269a8628,161,/tmp/bitcoin0.14/src/uint256.h
50f1c02f766d27eed825ad8fc4e8d75b,79,/tmp/bitcoin0.14/src/undo.h
c2118049d40e493ea18164cac7952bd6,238,/tmp/bitcoin0.14/src/util.h
503c3d0cef8221ba0ab6edd1acfd588e,21,/tmp/bitcoin0.14/src/utilmoneystr.h
ce09d28967a7972a4c6c8ea1983e38bc,147,/tmp/bitcoin0.14/src/utilstrencodings.h
e6130c02f03ed7e747962c35d196eb61,32,/tmp/bitcoin0.14/src/utiltime.h
d4c1cced133c60f3277d97fb2934c979,579,/tmp/bitcoin0.14/src/validation.h
8f2ef7e88075dab4373d4704fd4566de,86,/tmp/bitcoin0.14/src/validationinterface.h
8d3710c49aa662c7a4858cdc0c0bb06b,48,/tmp/bitcoin0.14/src/version.h
2b92ddae1306e187038691c8ddd91885,70,/tmp/bitcoin0.14/src/versionbits.h
f89abd4c78b6bfbc6f0bdc4a1b864ed2,21,/tmp/bitcoin0.14/src/warnings.h
