2ec4e0cd6411b6c47987b06575df277c,59,/tmp/MicroBitcoin/src/bench/base58.cpp
603c94aa6aee5fef133dd1d7d78e9277,37,/tmp/MicroBitcoin/src/bench/bech32.cpp
62c8910a46b4a1506334de4c0c222cf2,142,/tmp/MicroBitcoin/src/bench/bench.cpp
21928aaf8aca69475bc844f1869653c2,99,/tmp/MicroBitcoin/src/bench/bench_bitcoin.cpp
0f6eb8a35648e760d10e9c25d35c9615,120,/tmp/MicroBitcoin/src/bench/block_assemble.cpp
d64214748c71ffc062c4bacf097b87ab,87,/tmp/MicroBitcoin/src/bench/ccoins_caching.cpp
0ca96a4efab6e25cf9ec62bacf0756d7,56,/tmp/MicroBitcoin/src/bench/checkblock.cpp
e33ff61047d418ca0447baf256c45ed8,62,/tmp/MicroBitcoin/src/bench/checkqueue.cpp
7b45be2a20fcad0c1d75b9c3225fc689,106,/tmp/MicroBitcoin/src/bench/coin_selection.cpp
0efc04ed04ba5df6c6484e568de0434e,107,/tmp/MicroBitcoin/src/bench/crypto_hash.cpp
96e786ab9055c7f329ae5203f582d126,34,/tmp/MicroBitcoin/src/bench/examples.cpp
1c421739baa8ef84bedc18ef5ae137a2,46,/tmp/MicroBitcoin/src/bench/lockedpool.cpp
193a734029317b072e26bfc4b24b9512,134,/tmp/MicroBitcoin/src/bench/mempool_eviction.cpp
1e2e94c72710e2300d1a879716101c90,26,/tmp/MicroBitcoin/src/bench/merkle_root.cpp
b56dfdfc1dea7895b1d650c46273cd5d,105,/tmp/MicroBitcoin/src/bench/prevector.cpp
5b48ccee784e6ae201257a848979a6e6,32,/tmp/MicroBitcoin/src/bench/rollingbloom.cpp
b918c605a54a944f76c7d45b5a519afa,109,/tmp/MicroBitcoin/src/bench/verify_script.cpp
a705115535c74dcf3fc916a77d8e482d,74,/tmp/MicroBitcoin/src/compat/glibc_compat.cpp
2b9dfb67be94f7d6e15cd382c1941132,68,/tmp/MicroBitcoin/src/compat/glibc_sanity.cpp
ca8bc5ffef4924bd32e12f5f8c8b6c38,61,/tmp/MicroBitcoin/src/compat/glibcxx_sanity.cpp
b75631026e3fad4d77524d8745807b72,18,/tmp/MicroBitcoin/src/compat/strnlen.cpp
ff9aaa6785ac2b2716aa71f9bae6d581,86,/tmp/MicroBitcoin/src/consensus/merkle.cpp
9eccf77cc340c6a4bcf3934fb49775c5,250,/tmp/MicroBitcoin/src/consensus/tx_verify.cpp
a253879659fa13eaa5130d95f9efebca,216,/tmp/MicroBitcoin/src/crypto/aes.cpp
5068eb8575d4cc6c1a9cafa68af9f949,180,/tmp/MicroBitcoin/src/crypto/chacha20.cpp
feba9d6ac03fa57b7bb94992664dec0e,34,/tmp/MicroBitcoin/src/crypto/hmac_sha256.cpp
e38bfa89b4243cfab5e1f1e00c59234c,34,/tmp/MicroBitcoin/src/crypto/hmac_sha512.cpp
263075acc2efb5e816449122eba5a6ac,292,/tmp/MicroBitcoin/src/crypto/ripemd160.cpp
9b6007bf231af940d401adfeea15a5af,199,/tmp/MicroBitcoin/src/crypto/sha1.cpp
e0e73411a2fe92a23e2093002ec0818c,730,/tmp/MicroBitcoin/src/crypto/sha256.cpp
98b97cb32edb836fd8277375f9850229,325,/tmp/MicroBitcoin/src/crypto/sha256_avx2.cpp
74c5e75a1d70159ed6f4b03ba1610511,359,/tmp/MicroBitcoin/src/crypto/sha256_shani.cpp
0a31abfcca7309dcde661142762c2e44,1506,/tmp/MicroBitcoin/src/crypto/sha256_sse4.cpp
25e902bd3076bdc19e053672284ea1b2,317,/tmp/MicroBitcoin/src/crypto/sha256_sse41.cpp
e67493a0b2b09ed1f74831fcfb10482d,207,/tmp/MicroBitcoin/src/crypto/sha512.cpp
802ef29bf966ed3f7ebb2412588652a9,278,/tmp/MicroBitcoin/src/index/base.cpp
d8f2331ca0b7da5a860cc1d48ff9f0f3,286,/tmp/MicroBitcoin/src/index/txindex.cpp
d6a8c283c627d516c8cd1a87297280f6,32,/tmp/MicroBitcoin/src/interfaces/handler.cpp
9bf8bf37e40d35a2522ebf66c384612b,292,/tmp/MicroBitcoin/src/interfaces/node.cpp
ec75f0799ba8883ababda0cdc8a47000,468,/tmp/MicroBitcoin/src/interfaces/wallet.cpp
1875f53919f2772a03dc8cbfc35c884c,43,/tmp/MicroBitcoin/src/policy/feerate.cpp
a0b9101065b9781672ffa10cdaeedeb7,1013,/tmp/MicroBitcoin/src/policy/fees.cpp
21effed93ff160af82b93fa71cf28283,262,/tmp/MicroBitcoin/src/policy/policy.cpp
e1f278d6fa7529b5279bce6126e5b864,47,/tmp/MicroBitcoin/src/policy/rbf.cpp
a27c51f2cf03c7b28131d9c7e81c845c,72,/tmp/MicroBitcoin/src/primitives/block.cpp
6c59e80851d33606eda4b5d3e96e35c6,115,/tmp/MicroBitcoin/src/primitives/transaction.cpp
c8c1d5987933b70aaec51b63a8181ca5,155,/tmp/MicroBitcoin/src/qt/test/addressbooktests.cpp
d5c6a2a52341e790a96722fb219f78c8,23,/tmp/MicroBitcoin/src/qt/test/compattests.cpp
ed0cd8e8c64910478ab4263a4aba66e2,214,/tmp/MicroBitcoin/src/qt/test/paymentservertests.cpp
076c9ec6f066cffcc30faf4cfa12f463,135,/tmp/MicroBitcoin/src/qt/test/rpcnestedtests.cpp
aa5ceceb76f21e072a76de51fdc74556,105,/tmp/MicroBitcoin/src/qt/test/test_main.cpp
642d0fa6bf3e036ab694c4772009a29b,66,/tmp/MicroBitcoin/src/qt/test/uritests.cpp
39321e4fb028cde52ad801b566ecf3a7,22,/tmp/MicroBitcoin/src/qt/test/util.cpp
a3d43f07dba38602aa4045a7eba9c794,258,/tmp/MicroBitcoin/src/qt/test/wallettests.cpp
b468b6dec6f97d4fac1321ef6c41cb94,334,/tmp/MicroBitcoin/src/qt/addressbookpage.cpp
f17b7c2907f3b05d7115f434910bc692,454,/tmp/MicroBitcoin/src/qt/addresstablemodel.cpp
6b58953d8a80cf67f6369b97a3d9dfcb,285,/tmp/MicroBitcoin/src/qt/askpassphrasedialog.cpp
73fc58b381cdd76207506eee89a98bd7,184,/tmp/MicroBitcoin/src/qt/bantablemodel.cpp
9d59e9cbe5a3ea51027b2d6df340c0fc,732,/tmp/MicroBitcoin/src/qt/bitcoin.cpp
6ca4d3d9e0041595b7ba6c917087bd65,97,/tmp/MicroBitcoin/src/qt/bitcoinaddressvalidator.cpp
c383557e9b0c16914735cb58e7820b6e,302,/tmp/MicroBitcoin/src/qt/bitcoinamountfield.cpp
40f6550787b81c4bf791e7d2724e655e,1311,/tmp/MicroBitcoin/src/qt/bitcoingui.cpp
9f18441ec40ad2391d31417fb065c072,212,/tmp/MicroBitcoin/src/qt/bitcoinstrings.cpp
53c942a3aae3183f775eb211666f3fe4,222,/tmp/MicroBitcoin/src/qt/bitcoinunits.cpp
653e377919d1d81e2e59e5a864825afd,279,/tmp/MicroBitcoin/src/qt/clientmodel.cpp
b8fd11a93cb9d765f662a680903b8bea,729,/tmp/MicroBitcoin/src/qt/coincontroldialog.cpp
20a9101c752b86f06373ed22f95d03dd,34,/tmp/MicroBitcoin/src/qt/coincontroltreewidget.cpp
352e6d0a59b893019df5bfc15d63aad8,91,/tmp/MicroBitcoin/src/qt/csvmodelwriter.cpp
7241eb7b52b0953b8910b664dab1884d,164,/tmp/MicroBitcoin/src/qt/editaddressdialog.cpp
0ab176418f5424365ee3d4d0aa8e503d,951,/tmp/MicroBitcoin/src/qt/guiutil.cpp
c10b9638cd89c2401e409eb87353619c,335,/tmp/MicroBitcoin/src/qt/intro.cpp
b7a8a1bc08ccd488f44fbedce41ddcc3,174,/tmp/MicroBitcoin/src/qt/modaloverlay.cpp
545f25139e2b4c8eb0fbc9f5539edc61,94,/tmp/MicroBitcoin/src/qt/networkstyle.cpp
ae4f51a8b519295ed26e06fc611386fd,259,/tmp/MicroBitcoin/src/qt/notificator.cpp
05670e542922e984d2e801f01206c96f,50,/tmp/MicroBitcoin/src/qt/openuridialog.cpp
9863151116471fe0b9d6d2362b507ab8,359,/tmp/MicroBitcoin/src/qt/optionsdialog.cpp
6aa7fc103a0765a50befafcdaaff5c2a,533,/tmp/MicroBitcoin/src/qt/optionsmodel.cpp
1e5564020071b6b74a173019573c79f6,267,/tmp/MicroBitcoin/src/qt/overviewpage.cpp
f626f5926fdfa5cc0f4ea8f1d52a0cbb,214,/tmp/MicroBitcoin/src/qt/paymentrequestplus.cpp
53e63079873d1fe41da6a79bb28ad360,799,/tmp/MicroBitcoin/src/qt/paymentserver.cpp
263c2a414a9b26f9e190ac338e70bc84,245,/tmp/MicroBitcoin/src/qt/peertablemodel.cpp
ad093f8d70391ef6369b936654f3b50b,144,/tmp/MicroBitcoin/src/qt/platformstyle.cpp
a15c436418a81658d46cd4f5726f59c3,123,/tmp/MicroBitcoin/src/qt/qvalidatedlineedit.cpp
ea31e9f728ec848bb9eecad8889a11e7,31,/tmp/MicroBitcoin/src/qt/qvaluecombobox.cpp
2e4479ce71dce9f244d265aeea70e14e,295,/tmp/MicroBitcoin/src/qt/receivecoinsdialog.cpp
1b8a8c34b945f1722025d2bcdcc0cb7f,212,/tmp/MicroBitcoin/src/qt/receiverequestdialog.cpp
7ae62eb82bcb81d6ede47c4f2e3d58b7,236,/tmp/MicroBitcoin/src/qt/recentrequeststablemodel.cpp
609273cbd418f6f89ea3a4a8dd827680,1278,/tmp/MicroBitcoin/src/qt/rpcconsole.cpp
29e9d9ca6711d51ffdf1cbe5af41a294,933,/tmp/MicroBitcoin/src/qt/sendcoinsdialog.cpp
083f4979361d7bc69ce5a932855c27f9,279,/tmp/MicroBitcoin/src/qt/sendcoinsentry.cpp
f07e52c9e5900b31b044ac7c4a49f23d,275,/tmp/MicroBitcoin/src/qt/signverifymessagedialog.cpp
4f8afa002d085472bbf8f11da1c95833,229,/tmp/MicroBitcoin/src/qt/splashscreen.cpp
66c7e3c2e3e8c9c79fe9377fe0888ffe,177,/tmp/MicroBitcoin/src/qt/trafficgraphwidget.cpp
a4b9ec07e2c50d7eb8d292a01d90d1df,330,/tmp/MicroBitcoin/src/qt/transactiondesc.cpp
f2cc37ab8827bb958698b039c8d662d8,25,/tmp/MicroBitcoin/src/qt/transactiondescdialog.cpp
1591899abfbcfefb42453bd711db1917,121,/tmp/MicroBitcoin/src/qt/transactionfilterproxy.cpp
14495d1c87ab6ae30d2d808870f29ce5,246,/tmp/MicroBitcoin/src/qt/transactionrecord.cpp
b3364195611f889b6910e24cb0cc4298,756,/tmp/MicroBitcoin/src/qt/transactiontablemodel.cpp
d6887cb07c82374aece96659bac3d15d,644,/tmp/MicroBitcoin/src/qt/transactionview.cpp
3c32933bec815e9352f869c902441b16,179,/tmp/MicroBitcoin/src/qt/utilitydialog.cpp
dcc8a52341f88f1c84552258b69f2df9,218,/tmp/MicroBitcoin/src/qt/walletframe.cpp
d1426fb8a94d019dda70f187c9799d7c,574,/tmp/MicroBitcoin/src/qt/walletmodel.cpp
54aab2bf1dc188a7897e53345297284c,82,/tmp/MicroBitcoin/src/qt/walletmodeltransaction.cpp
4bd636e1717cddd67cd7817d5c6cdca9,342,/tmp/MicroBitcoin/src/qt/walletview.cpp
cf3ca6688962382b1b5eb66a3e42f6d6,70,/tmp/MicroBitcoin/src/qt/winshutdownmonitor.cpp
5c9699dd7ad5262d1534ba589348ad7d,2166,/tmp/MicroBitcoin/src/rpc/blockchain.cpp
04c5633bc355f370a66628bae916d322,266,/tmp/MicroBitcoin/src/rpc/client.cpp
88727b7822df4ba95ff1398042b100e6,1003,/tmp/MicroBitcoin/src/rpc/mining.cpp
a4aca80a68c4a51080c75e585d8388b4,1112,/tmp/MicroBitcoin/src/rpc/misc.cpp
f327629209d34f7e8d1a2ccc836c9071,648,/tmp/MicroBitcoin/src/rpc/net.cpp
697f8358fc3522a8117a7f41787565a9,153,/tmp/MicroBitcoin/src/rpc/protocol.cpp
b0d5ca1ac59a9310473adfc053d4a8fe,1826,/tmp/MicroBitcoin/src/rpc/rawtransaction.cpp
9bce825673261e47262a6238303c38a4,561,/tmp/MicroBitcoin/src/rpc/server.cpp
75843482263d6080adadcb34e9559ae7,128,/tmp/MicroBitcoin/src/rpc/util.cpp
4cb50fc348870da5be705bc5db4adc88,129,/tmp/MicroBitcoin/src/script/bitcoinconsensus.cpp
a180378b5c9d8dff32c197e90a8edbea,566,/tmp/MicroBitcoin/src/script/descriptor.cpp
881a5c94d891cbcea90824c490463e5c,1636,/tmp/MicroBitcoin/src/script/interpreter.cpp
fa1a67d25745589c5749b1853141945c,194,/tmp/MicroBitcoin/src/script/ismine.cpp
354e467a277ddb24e072ae0092c07ef2,349,/tmp/MicroBitcoin/src/script/script.cpp
592cd63ccbad3cdbd1966b2e32130d85,101,/tmp/MicroBitcoin/src/script/script_error.cpp
3337a235eea72fb034a3dcd26c609ccb,94,/tmp/MicroBitcoin/src/script/sigcache.cpp
b1c8052e4ae57bad825a7f311007e801,690,/tmp/MicroBitcoin/src/script/sign.cpp
c03b2a18a1a30cb013746a562862b465,341,/tmp/MicroBitcoin/src/script/standard.cpp
5d80b17b01aa1fd5f65a4aca94f84311,43,/tmp/MicroBitcoin/src/support/cleanse.cpp
affdd6ecfbb67ae03690232d0daaa8f3,405,/tmp/MicroBitcoin/src/support/lockedpool.cpp
96e530909f8b49ef71c8f6823d423f25,690,/tmp/MicroBitcoin/src/test/addrman_tests.cpp
92225d36101ff2d019c9f68df1da7e68,236,/tmp/MicroBitcoin/src/test/allocator_tests.cpp
38e6d20d511e809a65debf0545449560,108,/tmp/MicroBitcoin/src/test/amount_tests.cpp
ebd1c278a7e1c6ff336cf59d1f840093,560,/tmp/MicroBitcoin/src/test/arith_uint256_tests.cpp
fd0ccb7b9e2d2a4d06f0f6237994c9d1,25,/tmp/MicroBitcoin/src/test/base32_tests.cpp
4da72447cadcbff39bccebd91dec274f,69,/tmp/MicroBitcoin/src/test/base58_tests.cpp
be041ac6d00182d7c9b068ab23ac588c,25,/tmp/MicroBitcoin/src/test/base64_tests.cpp
5e3db38780096c70c845ef97309eb8af,69,/tmp/MicroBitcoin/src/test/bech32_tests.cpp
74be76a30b26a05a8c8498a07b1073ac,154,/tmp/MicroBitcoin/src/test/bip32_tests.cpp
214cc388f5f064b0fea6e8252d81a9fb,78,/tmp/MicroBitcoin/src/test/blockchain_tests.cpp
7f16a7179cdee41b310b5dea3235a104,392,/tmp/MicroBitcoin/src/test/blockencodings_tests.cpp
cc7705c57a3c4dd1d2b72d4c603cd598,536,/tmp/MicroBitcoin/src/test/bloom_tests.cpp
e9e6623eee7a0c9a369406c70833ab76,26,/tmp/MicroBitcoin/src/test/bswap_tests.cpp
2a064a50b3cfd27cedc2af4527ad9c02,445,/tmp/MicroBitcoin/src/test/checkqueue_tests.cpp
dc49e3b9dbfef589b7ff94729dbfabe4,858,/tmp/MicroBitcoin/src/test/coins_tests.cpp
9415044780de66b3fe2741fbe90da571,65,/tmp/MicroBitcoin/src/test/compress_tests.cpp
72f9eaf43f1f6b1957b6f4b80ea9e48b,565,/tmp/MicroBitcoin/src/test/crypto_tests.cpp
21f7f1a334e0528fce9471294ab9b0a5,380,/tmp/MicroBitcoin/src/test/cuckoocache_tests.cpp
ba2845c3560fb3a4672997b5f6cdbaa4,322,/tmp/MicroBitcoin/src/test/dbwrapper_tests.cpp
5765dd998bca2a55ef3f503f26b74315,415,/tmp/MicroBitcoin/src/test/denialofservice_tests.cpp
d861eb1b9fa413b677266f7346156653,163,/tmp/MicroBitcoin/src/test/descriptor_tests.cpp
4ba481c66a58b6eb8e1cb580e7320f42,175,/tmp/MicroBitcoin/src/test/getarg_tests.cpp
f5b971c9cc8894c1767b2f5d7c7ca0ae,150,/tmp/MicroBitcoin/src/test/hash_tests.cpp
fdc8fb5602bc7d2c2a6b0186387c470e,149,/tmp/MicroBitcoin/src/test/key_io_tests.cpp
ba83209f36d5744c8949f88f0808ca55,191,/tmp/MicroBitcoin/src/test/key_tests.cpp
3053dc5c645c4f9340db8ac6c5840593,101,/tmp/MicroBitcoin/src/test/limitedmap_tests.cpp
8dc753a2ee49f59c1d61fc3b847a4a5e,77,/tmp/MicroBitcoin/src/test/main_tests.cpp
cfaffc2725e29307f2e60965768cd69c,752,/tmp/MicroBitcoin/src/test/mempool_tests.cpp
3357645f42a371d087575f0ea58f4b17,252,/tmp/MicroBitcoin/src/test/merkle_tests.cpp
88841dc6e87c5288f822179e0deba743,78,/tmp/MicroBitcoin/src/test/merkleblock_tests.cpp
2a2db38ed6dbddada2f4c7419d9834d0,524,/tmp/MicroBitcoin/src/test/miner_tests.cpp
e1638f8fa50416b6550e48186a35c548,217,/tmp/MicroBitcoin/src/test/multisig_tests.cpp
40f6224db4fd4c6579c77ebb34e67ed7,230,/tmp/MicroBitcoin/src/test/net_tests.cpp
6393294c11d672c425c3a63c20a81a4a,305,/tmp/MicroBitcoin/src/test/netbase_tests.cpp
5ff29dc5592b20127c0518ce77214ca9,126,/tmp/MicroBitcoin/src/test/pmt_tests.cpp
a882aa84f73e5f0d235dc49cb57cc5df,183,/tmp/MicroBitcoin/src/test/policyestimator_tests.cpp
46a2bdbd7569726415e6b877a00f0987,86,/tmp/MicroBitcoin/src/test/pow_tests.cpp
a217870b1c28f37547d5e1866b2a439e,267,/tmp/MicroBitcoin/src/test/prevector_tests.cpp
4d686c74dfde1058cb5418e0a229e2f8,94,/tmp/MicroBitcoin/src/test/raii_event_tests.cpp
705bf58e37d14f7717351ac530f7be81,82,/tmp/MicroBitcoin/src/test/random_tests.cpp
c3957b5b035d2d1242df3c905a5f87df,60,/tmp/MicroBitcoin/src/test/reverselock_tests.cpp
02b0eadbd72d31d89dc77422de2f2ba5,419,/tmp/MicroBitcoin/src/test/rpc_tests.cpp
cb376085d201eee383f98c99ed4ac25a,20,/tmp/MicroBitcoin/src/test/sanity_tests.cpp
808b6393587330530594565432dc3f6f,157,/tmp/MicroBitcoin/src/test/scheduler_tests.cpp
6aa0917e1e39705283568193016e67ae,369,/tmp/MicroBitcoin/src/test/script_p2sh_tests.cpp
6e4a37eae482af9a475c46a41fdc1f2c,746,/tmp/MicroBitcoin/src/test/script_standard_tests.cpp
adc3680ee55f396271a89f14d738ae1a,1640,/tmp/MicroBitcoin/src/test/script_tests.cpp
d44c1e18fd00120b449624c01f64d19c,200,/tmp/MicroBitcoin/src/test/scriptnum_tests.cpp
fd76751aa4c1e88c209f0129e260433e,373,/tmp/MicroBitcoin/src/test/serialize_tests.cpp
4ef60b349a2d3d4162e24181521682af,211,/tmp/MicroBitcoin/src/test/sighash_tests.cpp
679c6cad7d2ceb4253a56926daed67c6,232,/tmp/MicroBitcoin/src/test/sigopcount_tests.cpp
ab97db0759c838e41970ce09e333cf5e,180,/tmp/MicroBitcoin/src/test/skiplist_tests.cpp
d44c39b3792cf3d7aa6e72fe5472e251,126,/tmp/MicroBitcoin/src/test/streams_tests.cpp
4483e4afe718290f021504abf942e9f2,199,/tmp/MicroBitcoin/src/test/test_bitcoin.cpp
6994c320fceb1aea6bcd1c8bfe9688ba,329,/tmp/MicroBitcoin/src/test/test_bitcoin_fuzzy.cpp
a9590e1d747352e22e5321d3c3eb32a7,28,/tmp/MicroBitcoin/src/test/test_bitcoin_main.cpp
c451d14f53295a330016a750251e7a06,37,/tmp/MicroBitcoin/src/test/timedata_tests.cpp
b2d928f4b5ed4618010851ec864834a3,207,/tmp/MicroBitcoin/src/test/torcontrol_tests.cpp
0b9146528dd09f7b9e3c1c6c29fb414d,771,/tmp/MicroBitcoin/src/test/transaction_tests.cpp
247857f8619590845429964e11db8198,68,/tmp/MicroBitcoin/src/test/txindex_tests.cpp
b48fba879a2d1ce178b7c04fcd4aa2ea,61,/tmp/MicroBitcoin/src/test/txvalidation_tests.cpp
0edfddebccf07c3d01566aca76b99457,371,/tmp/MicroBitcoin/src/test/txvalidationcache_tests.cpp
f794f36d0ffbd30d736c085090019271,282,/tmp/MicroBitcoin/src/test/uint256_tests.cpp
6aced1e67bc7699e417576807dc77de7,1220,/tmp/MicroBitcoin/src/test/util_tests.cpp
2dfc7a3277c03bd5a281345df89afc92,184,/tmp/MicroBitcoin/src/test/validation_block_tests.cpp
f1f4e34f93447d89f174d69e45a002f3,354,/tmp/MicroBitcoin/src/test/versionbits_tests.cpp
9ed9ff01c0f98dd353b85a1b02730c86,244,/tmp/MicroBitcoin/src/univalue/lib/univalue.cpp
c6f1f7d8de85fba86e122ad466af2b76,147,/tmp/MicroBitcoin/src/univalue/lib/univalue_get.cpp
cf8423eb2282dd640303f7bacdbbaf4a,451,/tmp/MicroBitcoin/src/univalue/lib/univalue_read.cpp
db4ec43688152b59e39e466160aed452,115,/tmp/MicroBitcoin/src/univalue/lib/univalue_write.cpp
7eea7cf3b313a90a36ad3149db53ad6e,8,/tmp/MicroBitcoin/src/univalue/test/no_nul.cpp
2060b686f33586d05d7fe29f191c7841,408,/tmp/MicroBitcoin/src/univalue/test/object.cpp
aae11f362a19b1b1e6f354590775b4dc,24,/tmp/MicroBitcoin/src/univalue/test/test_json.cpp
47b37e05f5202b288a3eefac7e8c3da0,170,/tmp/MicroBitcoin/src/univalue/test/unitester.cpp
d2c0d5a0b6c414930f4c74aadffa71ee,136,/tmp/MicroBitcoin/src/wallet/test/accounting_tests.cpp
9d42c31de9764cae7c7d50c06b764be9,584,/tmp/MicroBitcoin/src/wallet/test/coinselector_tests.cpp
938bde62ea1e85474c6c302bea814aaa,146,/tmp/MicroBitcoin/src/wallet/test/psbt_wallet_tests.cpp
e2f5311fdca72685bcb80803272e2952,126,/tmp/MicroBitcoin/src/wallet/test/wallet_crypto_tests.cpp
b562fbc9bf85d67509666aa7fe8bc787,23,/tmp/MicroBitcoin/src/wallet/test/wallet_test_fixture.cpp
8d84996ea07150d2bbe8a281c4c07d21,421,/tmp/MicroBitcoin/src/wallet/test/wallet_tests.cpp
a98d8d57df63d0233a4cf01feb5d8bf2,23,/tmp/MicroBitcoin/src/wallet/coincontrol.cpp
0949a2c79b2813cba144ab4dc01fd672,326,/tmp/MicroBitcoin/src/wallet/coinselection.cpp
2961e3c74e8248e59d8386c059383cc2,327,/tmp/MicroBitcoin/src/wallet/crypter.cpp
3b62804bb485f61169994e3cd4d339ea,801,/tmp/MicroBitcoin/src/wallet/db.cpp
56a22d2803e7a3b8b925c1eab485f9bd,269,/tmp/MicroBitcoin/src/wallet/feebumper.cpp
98e48f1b66d55bff1266fe9f17d440b1,102,/tmp/MicroBitcoin/src/wallet/fees.cpp
9414909db077b825614d8f2736930293,270,/tmp/MicroBitcoin/src/wallet/init.cpp
944d96bac4535fc9641598767a9d3c37,1277,/tmp/MicroBitcoin/src/wallet/rpcdump.cpp
7e15c1cab6f77aed671074151bdd68f6,4853,/tmp/MicroBitcoin/src/wallet/rpcwallet.cpp
76b525c2f8ab0842cf3e7b023a561e88,4475,/tmp/MicroBitcoin/src/wallet/wallet.cpp
299f5433c490f01203f5a41ab10c64a9,877,/tmp/MicroBitcoin/src/wallet/walletdb.cpp
d8f8409ff69da5641ca1b3bb880765c8,27,/tmp/MicroBitcoin/src/wallet/walletutil.cpp
9156c8f858db1c056684672ad4513533,22,/tmp/MicroBitcoin/src/zmq/zmqabstractnotifier.cpp
a77f4b9beedd8bf1658b484c9a8e4670,193,/tmp/MicroBitcoin/src/zmq/zmqnotificationinterface.cpp
246628984a2031f7014f8bf1c7839780,197,/tmp/MicroBitcoin/src/zmq/zmqpublishnotifier.cpp
f9e4b4f62fbac4e4af928f0284d53c96,61,/tmp/MicroBitcoin/src/zmq/zmqrpc.cpp
cdd3089bc746828b283cc9d736de922a,146,/tmp/MicroBitcoin/src/addrdb.cpp
8f1a051b5caac79202e9ca64a8995682,614,/tmp/MicroBitcoin/src/addrman.cpp
5912c55cd072af2ed2e557d04662e38a,262,/tmp/MicroBitcoin/src/arith_uint256.cpp
20f406e09d2290f71063fed4d14b74ca,164,/tmp/MicroBitcoin/src/base58.cpp
680cae64c031e8058f7c0dd307610096,192,/tmp/MicroBitcoin/src/bech32.cpp
05cac743f7417212b08d138a829e0f26,218,/tmp/MicroBitcoin/src/blockencodings.cpp
0a49f4ad0e791ee55fff5d21dea50f3b,321,/tmp/MicroBitcoin/src/bloom.cpp
5a5186f24dec003fb501e9fade370fdf,170,/tmp/MicroBitcoin/src/chain.cpp
0f4471bb1458e92f323f837541a2e8eb,405,/tmp/MicroBitcoin/src/chainparams.cpp
882adf52a75512e33c9bbf76768ef665,49,/tmp/MicroBitcoin/src/chainparamsbase.cpp
d9eff5180e98b3f7df2101c200cfdb5e,32,/tmp/MicroBitcoin/src/checkpoints.cpp
f94a8612ad82012631f127c36eaa053d,103,/tmp/MicroBitcoin/src/clientversion.cpp
f0b1104035c971d7c504aedf4404d48f,259,/tmp/MicroBitcoin/src/coins.cpp
06317969477d16d125515204fcdb4059,193,/tmp/MicroBitcoin/src/compressor.cpp
d7415291c91946e97ced1afa0fd1d443,223,/tmp/MicroBitcoin/src/core_read.cpp
b8905f54831552a0be343dc1267acdd3,238,/tmp/MicroBitcoin/src/core_write.cpp
a5459094f8826e6cdc33495106cc6c42,258,/tmp/MicroBitcoin/src/dbwrapper.cpp
f8052bcb40973a5527344dd1ea1b0797,15,/tmp/MicroBitcoin/src/fs.cpp
b5c085d535f4617b6b5bc34f8188ed1f,247,/tmp/MicroBitcoin/src/hash.cpp
9906e0e6e6484397567ee48952977bd1,269,/tmp/MicroBitcoin/src/httprpc.cpp
61a98b3f729a4c9fb266c011ac00098f,683,/tmp/MicroBitcoin/src/httpserver.cpp
f6ac4941245bb4d55084f41bacfa441d,1783,/tmp/MicroBitcoin/src/init.cpp
1afd732b4a260f1a7e0762576400226e,367,/tmp/MicroBitcoin/src/key.cpp
1e090530604c1963d97ea49ebb2c0be9,227,/tmp/MicroBitcoin/src/key_io.cpp
67d5d5ea3b934e0b047716808badcfa3,204,/tmp/MicroBitcoin/src/keystore.cpp
b143d08293b6547f31b799c8bb06de78,273,/tmp/MicroBitcoin/src/logging.cpp
b9c64d8677e44bc3fc2edbf5a4d0889c,163,/tmp/MicroBitcoin/src/merkleblock.cpp
4cbfa062d18676e0e7790651ed347758,546,/tmp/MicroBitcoin/src/micro-cli.cpp
52b2b26a4c51c33daf6cc7e94a35af42,864,/tmp/MicroBitcoin/src/micro-tx.cpp
61edf0722c5dd5a64d4895e8932b443e,192,/tmp/MicroBitcoin/src/microd.cpp
623dac7f5df70434608c0e0072a0364b,623,/tmp/MicroBitcoin/src/miner.cpp
ee8c74f947210821fa265a84ae432f2a,2895,/tmp/MicroBitcoin/src/net.cpp
d07603b4dee1c8b371480772deecc30a,3799,/tmp/MicroBitcoin/src/net_processing.cpp
1f30d1831a30366cd94d9323501ca99b,711,/tmp/MicroBitcoin/src/netaddress.cpp
bd5fd8255b47eff3133a915bfad5d1ed,739,/tmp/MicroBitcoin/src/netbase.cpp
92d04b93e513726b76900f043f44b52d,58,/tmp/MicroBitcoin/src/noui.cpp
75e7d8592b0d13f47d52a799e0161caa,101,/tmp/MicroBitcoin/src/outputtype.cpp
ea756745e3373feeef9b736c5afbab63,83,/tmp/MicroBitcoin/src/pow.cpp
1ba83be895d85287e992c4eb080129ad,203,/tmp/MicroBitcoin/src/protocol.cpp
0cd5ca4220ec2f617b88a85249b34e26,302,/tmp/MicroBitcoin/src/pubkey.cpp
d9017a6b3754f9520e90cf3efb04724e,468,/tmp/MicroBitcoin/src/random.cpp
751b0796eeb9bc465d120cc42a9e1fc3,609,/tmp/MicroBitcoin/src/rest.cpp
eeec1c56b10036a00555644e3a7b20a6,213,/tmp/MicroBitcoin/src/scheduler.cpp
6465c4832d40c70b76b80d469701a75f,23,/tmp/MicroBitcoin/src/shutdown.cpp
7e43a05f4c295fa43ebea0d834fcb7c1,100,/tmp/MicroBitcoin/src/snapshot.cpp
6063a597f64bdefdac714d446e2dd182,192,/tmp/MicroBitcoin/src/sync.cpp
1d3b08a2aae1e4da9ad81e197ae259d6,43,/tmp/MicroBitcoin/src/threadinterrupt.cpp
52a34c9868d62b7a7acf66ee4c81c2d4,120,/tmp/MicroBitcoin/src/timedata.cpp
dab0cada673a6fae447542bb7819cc37,774,/tmp/MicroBitcoin/src/torcontrol.cpp
c9943f1a69b9c62401a41b3b8df3c8ab,570,/tmp/MicroBitcoin/src/txdb.cpp
40aaef97c079b6b0a74592e9fa1a5540,1224,/tmp/MicroBitcoin/src/txmempool.cpp
7a2cad5b32a572e400e3b9c59624b1fe,29,/tmp/MicroBitcoin/src/ui_interface.cpp
2fa53616ad17f4573f0020481aeb485e,79,/tmp/MicroBitcoin/src/uint256.cpp
97263a77399e802651122d349f9a5091,1274,/tmp/MicroBitcoin/src/util.cpp
df1603c1b04dda0fe4f89c192e397daf,77,/tmp/MicroBitcoin/src/utilmoneystr.cpp
caa126ed7030e45aa4cac9d04cc8e7bd,547,/tmp/MicroBitcoin/src/utilstrencodings.cpp
58b4b62d91ada85802f0d9d944eb9ac5,110,/tmp/MicroBitcoin/src/utiltime.cpp
79b4ef1f071ef2880f9aad3eacbdd7ce,5092,/tmp/MicroBitcoin/src/validation.cpp
4654d5de3bb33e60bbecc1e297fd5bc3,180,/tmp/MicroBitcoin/src/validationinterface.cpp
f3fd39d243cf0be2ce4e4c806e4dc057,221,/tmp/MicroBitcoin/src/versionbits.cpp
6eab7ae6ef895d8b4b50148e5d6083c0,77,/tmp/MicroBitcoin/src/warnings.cpp
