base58.cpp,base58.cpp,164,204,16
base58.cpp,base58.cpp,164,3164,27
sha256.cpp,sha256.cpp,12,68,9
block.cpp,block.cpp,4,172,3
transaction.cpp,transaction.cpp,12,172,5
blockchain.cpp,blockchain.cpp,3628,5404,54
net.cpp,net.cpp,796,1100,28
protocol.cpp,protocol.cpp,260,4,3
main.cpp,main.cpp,7964,820,55
main.cpp,main.cpp,7964,1496,56
main.cpp,main.cpp,7964,244,33
main.cpp,main.cpp,7964,1128,29
main.cpp,main.cpp,7964,1796,28
main.cpp,main.cpp,7964,2156,75
main.cpp,main.cpp,7964,120,31
transaction_tests.cpp,transaction_tests.cpp,32,348,6
wallet.cpp,wallet.cpp,240,4,3
