transactionrecord.cpp,transactionrecord.cpp,4,612,3
transactiontablemodel.cpp,transactiontablemodel.cpp,676,2904,71
transactionview.cpp,transactionview.cpp,4,2380,3
walletmodel.cpp,walletmodel.cpp,208,2100,48
test_main.cpp,test_main.cpp,184,76,18
uritests.cpp,uritests.cpp,4,528,3
util.cpp,util.cpp,20,25744,16
net.cpp,net.cpp,836,44472,37
util.cpp,util.cpp,944,25744,39
script.cpp,script.cpp,20,45228,16
allocator_tests.cpp,allocator_tests.cpp,8,96,7
base32_tests.cpp,base32_tests.cpp,4,8,3
base58_tests.cpp,base58_tests.cpp,8,28,7
base64_tests.cpp,base64_tests.cpp,4,8,3
getarg_tests.cpp,getarg_tests.cpp,36,32,19
key_tests.cpp,key_tests.cpp,40,44,39
main.cpp,main.cpp,4,59600,3
netbase_tests.cpp,netbase_tests.cpp,60,8,5
serialize_tests.cpp,serialize_tests.cpp,92,8,5
sigopcount_tests.cpp,sigopcount_tests.cpp,4,8,3
uint256_tests.cpp,uint256_tests.cpp,188,8,5
script.cpp,script.cpp,96,45228,51
wallet.cpp,wallet.cpp,8,50432,5
crypter.cpp,crypter.cpp,144,30228,43
db.cpp,db.cpp,712,22932,503
init.cpp,init.cpp,260,46908,28
rpcdump.cpp,rpcdump.cpp,2112,46120,53
rpcwallet.cpp,rpcwallet.cpp,2932,49220,53
wallet.cpp,wallet.cpp,580,50432,62
walletdb.cpp,walletdb.cpp,20,47328,15
wallet_tests.cpp,wallet_tests.cpp,632,132,31
