transactiondescdialog.cpp,transactiondescdialog.cpp,4,368,3
transactionfilterproxy.cpp,transactionfilterproxy.cpp,4,1100,3
transactionrecord.cpp,transactionrecord.cpp,4,564,3
transactiontablemodel.cpp,transactiontablemodel.cpp,664,4360,96
transactionview.cpp,transactionview.cpp,4,3872,3
utilitydialog.cpp,utilitydialog.cpp,4,2784,3
walletframe.cpp,walletframe.cpp,4,3544,3
walletmodel.cpp,walletmodel.cpp,152,33160,30
walletmodeltransaction.cpp,walletmodeltransaction.cpp,4,1248,3
walletview.cpp,walletview.cpp,4,6816,3
winshutdownmonitor.cpp,winshutdownmonitor.cpp,4,4,4
compattests.cpp,compattests.cpp,4,64,3
paymentservertests.cpp,paymentservertests.cpp,76,1648,34
test_main.cpp,test_main.cpp,264,172,26
uritests.cpp,uritests.cpp,4,32,3
blockchain.cpp,blockchain.cpp,2892,1604,166
client.cpp,client.cpp,188,144,96
mining.cpp,mining.cpp,1408,1428,51
misc.cpp,misc.cpp,732,1328,61
net.cpp,net.cpp,952,528,65
protocol.cpp,protocol.cpp,380,260,73
rawtransaction.cpp,rawtransaction.cpp,2124,1144,63
server.cpp,server.cpp,860,552,66
interpreter.cpp,interpreter.cpp,700,2312,67
ismine.cpp,ismine.cpp,56,188,13
script.cpp,script.cpp,380,3272,50
script_error.cpp,script_error.cpp,28,860,15
sigcache.cpp,sigcache.cpp,28,176,10
sign.cpp,sign.cpp,1008,460,51
standard.cpp,standard.cpp,264,564,40
bitcoin.cpp,bitcoin.cpp,132,2252,24
db.cpp,db.cpp,4,2512,3
cleanse.cpp,cleanse.cpp,20,1800,17
addrman_tests.cpp,addrman_tests.cpp,176,76,41
allocator_tests.cpp,allocator_tests.cpp,8,96,5
amount_tests.cpp,amount_tests.cpp,92,4,3
arith_uint256_tests.cpp,arith_uint256_tests.cpp,484,844,181
base32_tests.cpp,base32_tests.cpp,4,4,4
base58_tests.cpp,base58_tests.cpp,4,24,3
base64_tests.cpp,base64_tests.cpp,4,4,4
bip32_tests.cpp,bip32_tests.cpp,120,108,81
blockencodings_tests.cpp,blockencodings_tests.cpp,200,124,77
bloom_tests.cpp,bloom_tests.cpp,4,4,4
bswap_tests.cpp,bswap_tests.cpp,4,4,4
coins_tests.cpp,coins_tests.cpp,636,24,23
compress_tests.cpp,compress_tests.cpp,52,52,52
crypto_tests.cpp,crypto_tests.cpp,8,8,8
crypto_tests.cpp,crypto_tests.cpp,8,452,5
dbwrapper_tests.cpp,dbwrapper_tests.cpp,40,40,40
getarg_tests.cpp,getarg_tests.cpp,72,32,15
hash_tests.cpp,hash_tests.cpp,8,8,8
key_tests.cpp,key_tests.cpp,88,40,39
limitedmap_tests.cpp,limitedmap_tests.cpp,4,4,4
mempool_tests.cpp,mempool_tests.cpp,28,4,3
merkle_tests.cpp,merkle_tests.cpp,644,364,324
miner_tests.cpp,miner_tests.cpp,92,1504,19
multisig_tests.cpp,multisig_tests.cpp,36,4,3
net_tests.cpp,net_tests.cpp,212,156,31
netbase_tests.cpp,netbase_tests.cpp,60,4,3
pmt_tests.cpp,pmt_tests.cpp,36,36,36
policyestimator_tests.cpp,policyestimator_tests.cpp,4,4,4
pow_tests.cpp,pow_tests.cpp,4,4,4
prevector_tests.cpp,prevector_tests.cpp,8,8,8
reverselock_tests.cpp,reverselock_tests.cpp,4,4,4
rpc_tests.cpp,rpc_tests.cpp,72,88,55
sanity_tests.cpp,sanity_tests.cpp,4,4,4
scheduler_tests.cpp,scheduler_tests.cpp,100,100,100
script_tests.cpp,script_tests.cpp,236,88,41
scriptnum_tests.cpp,scriptnum_tests.cpp,456,1044,60
serialize_tests.cpp,serialize_tests.cpp,92,4,3
sighash_tests.cpp,sighash_tests.cpp,292,260,126
sigopcount_tests.cpp,sigopcount_tests.cpp,148,4,3
skiplist_tests.cpp,skiplist_tests.cpp,4,4,4
streams_tests.cpp,streams_tests.cpp,4,4,4
test_bitcoin.cpp,test_bitcoin.cpp,52,672,22
timedata_tests.cpp,timedata_tests.cpp,4,4,4
transaction_tests.cpp,transaction_tests.cpp,28,112,10
txvalidationcache_tests.cpp,txvalidationcache_tests.cpp,120,120,68
uint256_tests.cpp,uint256_tests.cpp,164,1600,67
util_tests.cpp,util_tests.cpp,1180,8,5
versionbits_tests.cpp,versionbits_tests.cpp,760,632,384
gen.cpp,gen.cpp,2588,2588,2588
univalue.cpp,univalue.cpp,1836,2820,1770
univalue_read.cpp,univalue_read.cpp,5360,5332,3707
univalue_write.cpp,univalue_write.cpp,3372,3372,3372
unitester.cpp,unitester.cpp,5296,5284,4339
crypter.cpp,crypter.cpp,196,2924,31
db.cpp,db.cpp,692,2512,522
rpcdump.cpp,rpcdump.cpp,564,25784,45
rpcwallet.cpp,rpcwallet.cpp,1512,28908,55
wallet.cpp,wallet.cpp,444,236,30
walletdb.cpp,walletdb.cpp,20,1940,13
accounting_tests.cpp,accounting_tests.cpp,36,40,33
wallet_test_fixture.cpp,wallet_test_fixture.cpp,4,4,4
wallet_tests.cpp,wallet_tests.cpp,360,148,24
zmqabstractnotifier.cpp,zmqabstractnotifier.cpp,4,200,3
zmqnotificationinterface.cpp,zmqnotificationinterface.cpp,20,672,14
zmqpublishnotifier.cpp,zmqpublishnotifier.cpp,224,1056,124
