hmac_sha512.cpp,hmac_sha512.cpp,908,908,908
ripemd160.cpp,ripemd160.cpp,908,908,908
sha1.cpp,sha1.cpp,908,908,908
sha256.cpp,sha256.cpp,1124,908,904
sha512.cpp,sha512.cpp,908,908,908
wallet.cpp,wallet.cpp,4,708,3
fees.cpp,fees.cpp,1796,4,3
block.cpp,block.cpp,144,4,3
transaction.cpp,transaction.cpp,4,68,3
util.cpp,util.cpp,20,11392,16
util.cpp,util.cpp,20,32,7
blockchain.cpp,blockchain.cpp,2976,1548,77
client.cpp,client.cpp,224,144,114
mining.cpp,mining.cpp,1792,1120,109
misc.cpp,misc.cpp,680,456,78
net.cpp,net.cpp,616,472,92
protocol.cpp,protocol.cpp,384,10060,41
protocol.cpp,protocol.cpp,384,256,136
rawtransaction.cpp,rawtransaction.cpp,1604,916,91
server.cpp,server.cpp,632,508,99
util.cpp,util.cpp,308,11392,32
util.cpp,util.cpp,308,32,29
interpreter.cpp,interpreter.cpp,1796,2384,322
script.cpp,script.cpp,20,2732,14
script_error.cpp,script_error.cpp,28,700,15
sigcache.cpp,sigcache.cpp,28,128,9
sign.cpp,sign.cpp,1268,500,51
standard.cpp,standard.cpp,972,664,178
cleanse.cpp,cleanse.cpp,28,1800,14
addrman_tests.cpp,addrman_tests.cpp,188,76,58
allocator_tests.cpp,allocator_tests.cpp,8,96,5
arith_uint256_tests.cpp,arith_uint256_tests.cpp,844,844,844
base32_tests.cpp,base32_tests.cpp,4,4,4
base58_tests.cpp,base58_tests.cpp,8,24,7
base64_tests.cpp,base64_tests.cpp,4,4,4
bip32_tests.cpp,bip32_tests.cpp,112,108,81
bloom_tests.cpp,bloom_tests.cpp,4,4,4
coins_tests.cpp,coins_tests.cpp,664,40,33
compress_tests.cpp,compress_tests.cpp,52,52,52
crypto_tests.cpp,crypto_tests.cpp,8,8,8
getarg_tests.cpp,getarg_tests.cpp,52,32,25
hash_tests.cpp,hash_tests.cpp,8,4,3
key_tests.cpp,key_tests.cpp,40,40,40
main_tests.cpp,main_tests.cpp,124,128,107
mempool_tests.cpp,mempool_tests.cpp,4,4,4
miner_tests.cpp,miner_tests.cpp,1432,1344,20
multisig_tests.cpp,multisig_tests.cpp,36,4,3
netbase_tests.cpp,netbase_tests.cpp,60,4,3
pmt_tests.cpp,pmt_tests.cpp,36,36,36
policyestimator_tests.cpp,policyestimator_tests.cpp,4,4,4
pow_tests.cpp,pow_tests.cpp,4,4,4
raii_event_tests.cpp,raii_event_tests.cpp,4,4,4
reverselock_tests.cpp,reverselock_tests.cpp,4,4,4
rpc_tests.cpp,rpc_tests.cpp,72,88,55
sanity_tests.cpp,sanity_tests.cpp,4,4,4
scheduler_tests.cpp,scheduler_tests.cpp,100,100,100
script_tests.cpp,script_tests.cpp,88,48,47
scriptnum_tests.cpp,scriptnum_tests.cpp,700,1792,121
serialize_tests.cpp,serialize_tests.cpp,92,4,3
sighash_tests.cpp,sighash_tests.cpp,260,444,106
sigopcount_tests.cpp,sigopcount_tests.cpp,4,4,4
skiplist_tests.cpp,skiplist_tests.cpp,4,4,4
timedata_tests.cpp,timedata_tests.cpp,4,4,4
torcontrol_tests.cpp,torcontrol_tests.cpp,92,84,81
transaction_tests.cpp,transaction_tests.cpp,128,112,61
uint256_tests.cpp,uint256_tests.cpp,1600,1600,1600
util_tests.cpp,util_tests.cpp,1184,8,5
gen.cpp,gen.cpp,2588,2588,2588
univalue.cpp,univalue.cpp,1836,2752,1770
univalue_read.cpp,univalue_read.cpp,5360,5352,4837
univalue_write.cpp,univalue_write.cpp,3372,3372,3372
no_nul.cpp,no_nul.cpp,40,40,40
test_json.cpp,test_json.cpp,60,60,60
unitester.cpp,unitester.cpp,5312,5308,4621
crypter.cpp,crypter.cpp,144,1900,76
db.cpp,db.cpp,580,2448,522
fees.cpp,fees.cpp,216,4,3
rpcdump.cpp,rpcdump.cpp,472,3988,84
rpcwallet.cpp,rpcwallet.cpp,7704,8404,97
wallet.cpp,wallet.cpp,444,708,62
walletdb.cpp,walletdb.cpp,88,1448,45
accounting_tests.cpp,accounting_tests.cpp,36,40,33
wallet_tests.cpp,wallet_tests.cpp,344,148,21
zmqabstractnotifier.cpp,zmqabstractnotifier.cpp,4,172,3
zmqnotificationinterface.cpp,zmqnotificationinterface.cpp,20,568,14
zmqpublishnotifier.cpp,zmqpublishnotifier.cpp,220,924,127
