block.cpp,block.cpp,52392,4,3
crypter.cpp,crypter.cpp,20992,144,32
db.cpp,db.cpp,43160,552,481
init.cpp,init.cpp,51060,448,38
net.cpp,net.cpp,56364,668,37
protocol.cpp,protocol.cpp,16044,380,37
rpcdump.cpp,rpcdump.cpp,48348,2312,61
rpcwallet.cpp,rpcwallet.cpp,52200,5404,69
script.cpp,script.cpp,46216,16,12
transaction.cpp,transaction.cpp,48700,4,3
util.cpp,util.cpp,27140,196,32
wallet.cpp,wallet.cpp,49704,448,56
walletdb.cpp,walletdb.cpp,40616,1076,105
addressbookpage.cpp,addressbookpage.cpp,61624,4,3
addresstablemodel.cpp,addresstablemodel.cpp,1912,420,98
askpassphrasedialog.cpp,askpassphrasedialog.cpp,53596,16,12
bitcoin.cpp,bitcoin.cpp,60552,596,44
bitcoinaddressvalidator.cpp,bitcoinaddressvalidator.cpp,60,4,3
bitcoinamountfield.cpp,bitcoinamountfield.cpp,968,192,43
bitcoingui.cpp,bitcoingui.cpp,70960,56,28
bitcoinstrings.cpp,bitcoinstrings.cpp,8,8,8
bitcoinunits.cpp,bitcoinunits.cpp,1020,4,3
clientmodel.cpp,clientmodel.cpp,1128,208,47
coincontroldialog.cpp,coincontroldialog.cpp,56452,4,3
coincontroltreewidget.cpp,coincontroltreewidget.cpp,272,4,3
csvmodelwriter.cpp,csvmodelwriter.cpp,300,52,48
editaddressdialog.cpp,editaddressdialog.cpp,53160,8,5
guiutil.cpp,guiutil.cpp,636,8,5
notificator.cpp,notificator.cpp,304,4,3
optionsdialog.cpp,optionsdialog.cpp,54772,4,3
optionsmodel.cpp,optionsmodel.cpp,580,168,20
overviewpage.cpp,overviewpage.cpp,56924,8,5
qvalidatedlineedit.cpp,qvalidatedlineedit.cpp,192,4,3
qvaluecombobox.cpp,qvaluecombobox.cpp,104,4,3
rpcconsole.cpp,rpcconsole.cpp,53232,380,22
sendcoinsdialog.cpp,sendcoinsdialog.cpp,59084,60,20
sendcoinsentry.cpp,sendcoinsentry.cpp,54432,4,3
signverifymessagedialog.cpp,signverifymessagedialog.cpp,55424,4,3
transactiondesc.cpp,transactiondesc.cpp,636,4,3
transactiondescdialog.cpp,transactiondescdialog.cpp,53736,4,3
transactionfilterproxy.cpp,transactionfilterproxy.cpp,884,4,3
transactionrecord.cpp,transactionrecord.cpp,724,4,3
transactiontablemodel.cpp,transactiontablemodel.cpp,3184,696,75
transactionview.cpp,transactionview.cpp,2676,4,3
walletmodel.cpp,walletmodel.cpp,2340,140,44
test_main.cpp,test_main.cpp,76,172,18
uritests.cpp,uritests.cpp,548,4,3
accounting_tests.cpp,accounting_tests.cpp,200,36,23
allocator_tests.cpp,allocator_tests.cpp,428,8,5
base32_tests.cpp,base32_tests.cpp,36,4,3
base58_tests.cpp,base58_tests.cpp,408,8,6
base64_tests.cpp,base64_tests.cpp,36,4,3
bloom_tests.cpp,bloom_tests.cpp,380,4,3
compress_tests.cpp,compress_tests.cpp,60,52,43
getarg_tests.cpp,getarg_tests.cpp,72,32,23
hash_tests.cpp,hash_tests.cpp,20,8,5
key_tests.cpp,key_tests.cpp,156,40,23
netbase_tests.cpp,netbase_tests.cpp,136,60,19
pmt_tests.cpp,pmt_tests.cpp,544,36,29
rpc_tests.cpp,rpc_tests.cpp,12,72,9
script_tests.cpp,script_tests.cpp,456,88,24
serialize_tests.cpp,serialize_tests.cpp,128,100,7
sigopcount_tests.cpp,sigopcount_tests.cpp,120,4,3
transaction_tests.cpp,transaction_tests.cpp,84,128,22
uint256_tests.cpp,uint256_tests.cpp,44,1600,16
util_tests.cpp,util_tests.cpp,928,1184,19
wallet_tests.cpp,wallet_tests.cpp,532,200,57
