qvalidatedlineedit.cpp,qvalidatedlineedit.cpp,4,200,3
qvaluecombobox.cpp,qvaluecombobox.cpp,4,104,3
rpcconsole.cpp,rpcconsole.cpp,324,2248,65
trafficgraphwidget.cpp,trafficgraphwidget.cpp,4,1080,3
transactiondesc.cpp,transactiondesc.cpp,132,532,22
transactionrecord.cpp,transactionrecord.cpp,12,2188,6
transactiontablemodel.cpp,transactiontablemodel.cpp,640,3092,71
walletmodel.cpp,walletmodel.cpp,224,2676,37
test_main.cpp,test_main.cpp,208,76,18
uritests.cpp,uritests.cpp,4,564,3
util.cpp,util.cpp,20,34148,16
net.cpp,net.cpp,840,66908,42
protocol.cpp,protocol.cpp,336,20368,31
util.cpp,util.cpp,584,34148,32
script.cpp,script.cpp,20,67464,16
allocator_tests.cpp,allocator_tests.cpp,8,96,7
base32_tests.cpp,base32_tests.cpp,4,8,3
base58_tests.cpp,base58_tests.cpp,8,28,7
base64_tests.cpp,base64_tests.cpp,4,8,3
bip32_tests.cpp,bip32_tests.cpp,112,112,81
getarg_tests.cpp,getarg_tests.cpp,52,32,19
hash_tests.cpp,hash_tests.cpp,8,8,8
key_tests.cpp,key_tests.cpp,40,28,27
miner_tests.cpp,miner_tests.cpp,6696,1364,1335
multisig_tests.cpp,multisig_tests.cpp,36,12,9
netbase_tests.cpp,netbase_tests.cpp,60,8,5
rpc_tests.cpp,rpc_tests.cpp,72,92,54
script_tests.cpp,script_tests.cpp,88,108,24
sigopcount_tests.cpp,sigopcount_tests.cpp,4,8,3
transaction_tests.cpp,transaction_tests.cpp,128,16,9
uint256_tests.cpp,uint256_tests.cpp,1600,8,5
util_tests.cpp,util_tests.cpp,1184,12,8
crypter.cpp,crypter.cpp,144,37488,43
db.cpp,db.cpp,688,50196,503
init.cpp,init.cpp,440,66052,38
rpcdump.cpp,rpcdump.cpp,1140,61700,36
rpcwallet.cpp,rpcwallet.cpp,4576,69172,56
wallet.cpp,wallet.cpp,424,88092,56
walletdb.cpp,walletdb.cpp,20,62332,15
wallet_tests.cpp,wallet_tests.cpp,528,128,31
