parse.cpp,parse.cpp,92,4,3
main.cpp,main.cpp,28,820,15
main.cpp,main.cpp,28,1504,17
main.cpp,main.cpp,28,244,15
main.cpp,main.cpp,28,1120,19
main.cpp,main.cpp,28,1796,15
main.cpp,main.cpp,28,2048,15
main.cpp,main.cpp,28,76,15
utils.cpp,utils.cpp,28,4,3
utils.cpp,utils.cpp,28,88,14
block.cpp,block.cpp,1504,172,13
difficulty.cpp,difficulty.cpp,336,240,26
difficulty.cpp,difficulty.cpp,336,60,25
message.cpp,message.cpp,400,4,3
wallet.cpp,wallet.cpp,3144,4,3
daemon.cpp,daemon.cpp,4,4,4
daemon.cpp,daemon.cpp,4,804,3
logging.cpp,logging.cpp,8,244,7
wallet.cpp,wallet.cpp,4,4,4
lmdb.cpp,lmdb.cpp,8,368,5
transport.cpp,transport.cpp,4,4,4
rpc_handler.cpp,rpc_handler.cpp,4,4,4
