9bb36343fa40bc716deaf03451e37a0a,390,/tmp/reddcoin/src/leveldb/db/c_test.c
f25fb023c29289416f3b7256453fe9d5,325,/tmp/reddcoin/contrib/bitrpc/bitrpc.py
c7757b29b79882a2c9d33d8716e42978,156,/tmp/reddcoin/contrib/checkpoint/checkpoint.py
9a1d8f9ca4f8377b5e833ee10ca55006,53,/tmp/reddcoin/contrib/devtools/fix-copyright-headers.py
662b958a82d3c4456f1bbb66c49a1644,113,/tmp/reddcoin/contrib/devtools/symbol-check.py
5091f1b57042751092428adca70bc0c6,186,/tmp/reddcoin/contrib/devtools/update-translations.py
6f1dbcd5031e0c65d724394d2e1c12ac,132,/tmp/reddcoin/contrib/linearize/linearize.py
badacbad347aba51f11e53c582b5debf,252,/tmp/reddcoin/contrib/pyminer/pyminer.py
d5f3c9ac6d5e3fe2a8541c859020b27e,32,/tmp/reddcoin/contrib/seeds/makeseeds.py
88e953b719d69d3f9ad30e026a5a5d6d,9,/tmp/reddcoin/contrib/spendfrom/setup.py
24f17677078557aed3b5860e1de75fea,267,/tmp/reddcoin/contrib/spendfrom/spendfrom.py
de93d3123d2dfa849ece34246509cc2b,104,/tmp/reddcoin/contrib/testgen/base58.py
7a09ebbed3ce9aede33e95ef24d2d83c,126,/tmp/reddcoin/contrib/testgen/gen_base58_test_vectors.py
694475f854fce365d7dbf361ed3e81e8,22,/tmp/reddcoin/contrib/qt_translations.py
126c4d2678d2773bbdd3df72ef9ee50d,193,/tmp/reddcoin/qa/pull-tester/pull-tester.py
d41d8cd98f00b204e9800998ecf8427e,0,/tmp/reddcoin/qa/rpc-tests/python-bitcoinrpc/bitcoinrpc/__init__.py
06fd2b991ba1282f738775e4a66c2fe0,140,/tmp/reddcoin/qa/rpc-tests/python-bitcoinrpc/bitcoinrpc/authproxy.py
5f7cbf46657849a43f4a298bf563d0e3,15,/tmp/reddcoin/qa/rpc-tests/python-bitcoinrpc/setup.py
2efb5b2c86d3767938267ec0871bf8ce,156,/tmp/reddcoin/qa/rpc-tests/listtransactions.py
e12d5f30fe91fb0a945d6ad9de4363c4,83,/tmp/reddcoin/qa/rpc-tests/skeleton.py
f39d00d78df7721d4878cd5a7fc3ef3a,152,/tmp/reddcoin/qa/rpc-tests/util.py
39d78bce6f380a6136e55d8f551b578c,77,/tmp/reddcoin/share/qt/extract_strings_qt.py
a88ec15b82672a5b6bc9e7bc4e511f42,38,/tmp/reddcoin/share/qt/make_spinner.py
b724fa03b101afc0961cdb7986108908,19,/tmp/reddcoin/src/compat/glibc_compat.cpp
16e2f88bcde7232dae0f3fb1c395702c,89,/tmp/reddcoin/src/compat/glibcxx_compat.cpp
8e178ca7e52c4446c5bbd466dc8c11b3,136,/tmp/reddcoin/src/crypto/scrypt-sse2.cpp
f7e32bb87755298fc56b7767ea856948,329,/tmp/reddcoin/src/crypto/scrypt.cpp
e2d4d444b9f778df09bf088c0b6be7a0,137,/tmp/reddcoin/src/json/json_spirit_reader.cpp
78672b9124362de42e8b8719d54f866d,8,/tmp/reddcoin/src/json/json_spirit_value.cpp
85e4cbaf7c08d65677b7436d5e2e6142,95,/tmp/reddcoin/src/json/json_spirit_writer.cpp
96a480e057db9d5e02328870c0a1f4d3,112,/tmp/reddcoin/src/qt/test/paymentservertests.cpp
e412a07b345e620fdde004a84ccf298b,43,/tmp/reddcoin/src/qt/test/test_main.cpp
3a7c76bef8b9c7d9892d690add7c53f3,62,/tmp/reddcoin/src/qt/test/uritests.cpp
0d5d53fd6a0e02db3aa60d4cb0032b02,308,/tmp/reddcoin/src/qt/addressbookpage.cpp
0fd28f086fd51b158e63a7257b1ac29b,452,/tmp/reddcoin/src/qt/addresstablemodel.cpp
091acba09892fcabdb9c47a54e7b0e08,264,/tmp/reddcoin/src/qt/askpassphrasedialog.cpp
c27d5fd5dbcfac330d36364799fc1322,617,/tmp/reddcoin/src/qt/bitcoin.cpp
545092f8ad30a0f7578861ce927799e9,97,/tmp/reddcoin/src/qt/bitcoinaddressvalidator.cpp
18561cfbd5c1d52dbfd9e11302d5eec7,186,/tmp/reddcoin/src/qt/bitcoinamountfield.cpp
3724eb3eee04f0e47b130beedd16e74d,1071,/tmp/reddcoin/src/qt/bitcoingui.cpp
72f7f3aa956226f42dc6f2195786866d,296,/tmp/reddcoin/src/qt/bitcoinstrings.cpp
24a9ed5ef6c3345ae63c8c98c1923234,204,/tmp/reddcoin/src/qt/bitcoinunits.cpp
a9bbe847238abb14c74ce16f915cddfe,244,/tmp/reddcoin/src/qt/clientmodel.cpp
a9c9141a517c4f0c3a9b8fb67e5cf361,794,/tmp/reddcoin/src/qt/coincontroldialog.cpp
8894e548ecb49a93faa32ea1c426d38b,32,/tmp/reddcoin/src/qt/coincontroltreewidget.cpp
6184c1a216397528affe1fc828f2aa86,91,/tmp/reddcoin/src/qt/csvmodelwriter.cpp
ee675e09100e96a36eef6338c72262f8,144,/tmp/reddcoin/src/qt/editaddressdialog.cpp
b03cb9e93047825a4a251b52bbaca3d3,837,/tmp/reddcoin/src/qt/guiutil.cpp
82680eb9a4c12aa33580f2445b5c3571,292,/tmp/reddcoin/src/qt/intro.cpp
6f686384414e7e207cf783f0b5e05a89,39,/tmp/reddcoin/src/qt/monitoreddatamapper.cpp
27cf3a0edae12bb02d7fbae8275162d5,324,/tmp/reddcoin/src/qt/notificator.cpp
c258a3d7d7f4a10d317d38fed141461b,52,/tmp/reddcoin/src/qt/openuridialog.cpp
058899f15d4b1535fc8989ff5cbefc89,302,/tmp/reddcoin/src/qt/optionsdialog.cpp
3ec417fb3fd5d8b50cb9a921d3358be0,384,/tmp/reddcoin/src/qt/optionsmodel.cpp
daa3b308cb5faf6e6cc935cecb2a92ac,223,/tmp/reddcoin/src/qt/overviewpage.cpp
f743bc5feb3341465b90cbf7245ef585,208,/tmp/reddcoin/src/qt/paymentrequestplus.cpp
b417a6538a3e19855cc8f0322df9c71d,676,/tmp/reddcoin/src/qt/paymentserver.cpp
23c69ac69498e87db21109ce4924721b,237,/tmp/reddcoin/src/qt/peertablemodel.cpp
45ec75f126044d87f0c000a6fc98f433,107,/tmp/reddcoin/src/qt/qvalidatedlineedit.cpp
fd8a8b393c374341a9c1f74d4bf0cf0e,31,/tmp/reddcoin/src/qt/qvaluecombobox.cpp
b3414d883fb2bf41941e8b376dabb794,264,/tmp/reddcoin/src/qt/receivecoinsdialog.cpp
ec5952025ed59844c2a816a00bf63bd4,197,/tmp/reddcoin/src/qt/receiverequestdialog.cpp
26cacc658d043e7c7e742efeaac1f259,208,/tmp/reddcoin/src/qt/recentrequeststablemodel.cpp
bd4b69c4bf6ea8da3a5891cb343cad6d,649,/tmp/reddcoin/src/qt/rpcconsole.cpp
08b311081f900dc5af1d75ff5ddb02c3,624,/tmp/reddcoin/src/qt/sendcoinsdialog.cpp
9b93f045106fadc18b279298303ea95e,247,/tmp/reddcoin/src/qt/sendcoinsentry.cpp
0a112aa38b3febda6381437d06d17ad8,273,/tmp/reddcoin/src/qt/signverifymessagedialog.cpp
3b1105dd0e448321a98d3cf4f02f0e50,150,/tmp/reddcoin/src/qt/splashscreen.cpp
4b3ed7b249511f52fece5d091fbd58e4,173,/tmp/reddcoin/src/qt/trafficgraphwidget.cpp
2b46bffed15ba45f689395ae95a362d3,303,/tmp/reddcoin/src/qt/transactiondesc.cpp
9129c8dce3533f2ce41c73ba3c0f96a4,24,/tmp/reddcoin/src/qt/transactiondescdialog.cpp
9845eff820c833f14087dd7d7bb92f6b,102,/tmp/reddcoin/src/qt/transactionfilterproxy.cpp
1966ceb1ce44f9eaf298d63bfb9c96e5,262,/tmp/reddcoin/src/qt/transactionrecord.cpp
3e1f9029eee4fb81f904b03ef2cb5113,628,/tmp/reddcoin/src/qt/transactiontablemodel.cpp
321b71d236dbcdd829a1d550b0bf636a,483,/tmp/reddcoin/src/qt/transactionview.cpp
a956ce92bddd1b8fbe3aa93fc1809f3b,137,/tmp/reddcoin/src/qt/utilitydialog.cpp
6bebcb492bf74436ae7d477400a663a8,203,/tmp/reddcoin/src/qt/walletframe.cpp
e66747aabbd5c627ce57f4a5cbd1bf1d,648,/tmp/reddcoin/src/qt/walletmodel.cpp
e0321d9ec085821a6764dc01dc444393,62,/tmp/reddcoin/src/qt/walletmodeltransaction.cpp
ac09025f5f17dbd46b15ad92c75a4281,315,/tmp/reddcoin/src/qt/walletview.cpp
6e6282c61fd0d5e61f8086f4d03707ef,57,/tmp/reddcoin/src/qt/winshutdownmonitor.cpp
62831b9b138803e9ce095ca73c62ad60,38,/tmp/reddcoin/src/test/Checkpoints_tests.cpp
4af1f2b3a40e7565f092959186fdc959,330,/tmp/reddcoin/src/test/DoS_tests.cpp
da82866cd33bb39b962b8fe0c05a5e40,131,/tmp/reddcoin/src/test/accounting_tests.cpp
5a4c1dd64b5afe7cdf2e0f92370da98e,183,/tmp/reddcoin/src/test/alert_tests.cpp
419e725790ea9307c75c16ffed94a75b,117,/tmp/reddcoin/src/test/allocator_tests.cpp
88bfaede4468555ece13b151af03a6b6,24,/tmp/reddcoin/src/test/base32_tests.cpp
4c7654f10f3f38d6957b3f78c2a3cd90,278,/tmp/reddcoin/src/test/base58_tests.cpp
4a0d4717c4bfcf8ee7028d59998b033b,24,/tmp/reddcoin/src/test/base64_tests.cpp
93df151ad5038f86ea19a0fa30db5d69,224,/tmp/reddcoin/src/test/bignum_tests.cpp
2ed9b1d00bf11b6711f76aacff29fde5,120,/tmp/reddcoin/src/test/bip32_tests.cpp
6dde37b4343533ecc1ab43618d62768c,454,/tmp/reddcoin/src/test/bloom_tests.cpp
0858b40ff740b2426b2ab669f185caca,96,/tmp/reddcoin/src/test/canonical_tests.cpp
dae63c97df78a11451cdabb729e521b8,67,/tmp/reddcoin/src/test/checkblock_tests.cpp
9de320b12590f462983b2772b4ca10db,64,/tmp/reddcoin/src/test/compress_tests.cpp
a50131d011178c29ae7a664299c36b6a,160,/tmp/reddcoin/src/test/getarg_tests.cpp
1ecab05b2c1241e88327a9931fd22ab4,49,/tmp/reddcoin/src/test/hash_tests.cpp
62272bb9069010db98126543a13b8bf8,129,/tmp/reddcoin/src/test/hmac_tests.cpp
995361427a45d8a5992416a0785de4ff,147,/tmp/reddcoin/src/test/key_tests.cpp
cf0eb1cfead7d138fa026c3f61e88dd6,24,/tmp/reddcoin/src/test/main_tests.cpp
91f0a6b05e21eccd491e46145a9ea6a0,288,/tmp/reddcoin/src/test/miner_tests.cpp
c38b565604359d27ac46d975893615cb,97,/tmp/reddcoin/src/test/mruset_tests.cpp
f36d83a7c809ada611bc2301c16ec190,296,/tmp/reddcoin/src/test/multisig_tests.cpp
e3cc4c3a599936a7ac10dbbc7a573129,142,/tmp/reddcoin/src/test/netbase_tests.cpp
a9c5cf4d06758a2120a2cddac9057af7,105,/tmp/reddcoin/src/test/pmt_tests.cpp
c149732e6662a55dd11de4bff606836b,157,/tmp/reddcoin/src/test/rpc_tests.cpp
663b8067b9d22a17ffdf9cb679a2f42e,93,/tmp/reddcoin/src/test/rpc_wallet_tests.cpp
f2b97aefc2d2f6421b9ab215cd32ef27,348,/tmp/reddcoin/src/test/script_P2SH_tests.cpp
8b8f7380b7795c5f2e2e9745b69ebebb,473,/tmp/reddcoin/src/test/script_tests.cpp
a800cfd4daeb77c502ff374d0a9c6761,196,/tmp/reddcoin/src/test/scriptnum_tests.cpp
880bd06f1971b67a1040d3600d955a37,34,/tmp/reddcoin/src/test/scrypt_tests.cpp
8f3af717a4de9a0b6424975dd9a4fdf7,163,/tmp/reddcoin/src/test/serialize_tests.cpp
687c7e820147d7b31682c49ca5ad0ed9,214,/tmp/reddcoin/src/test/sighash_tests.cpp
55ddf37c89b4b5c31565e894b443493a,66,/tmp/reddcoin/src/test/sigopcount_tests.cpp
9c3dc36d58fd0845d9856c479e5d0851,91,/tmp/reddcoin/src/test/test_bitcoin.cpp
65f88864583d6c7a05a3e8930a3c88c7,314,/tmp/reddcoin/src/test/transaction_tests.cpp
73d1562d858fcf63f61dfc5f4addaa42,637,/tmp/reddcoin/src/test/uint256_tests.cpp
01bb461987ebdb3ec7df8479fb00c4b9,354,/tmp/reddcoin/src/test/util_tests.cpp
ad13dcefe87cca3788b8e1c5f379c759,306,/tmp/reddcoin/src/test/wallet_tests.cpp
5233cd46da04fce4feaba9dbd5533412,527,/tmp/reddcoin/src/addrman.cpp
137d6d6b75f9e318930cacc942f48aec,264,/tmp/reddcoin/src/alert.cpp
ddd4f67e2dc75614ace579564dd253cf,67,/tmp/reddcoin/src/allocators.cpp
e642929c9cea88b5a8dfcfcbd4fa0bf2,273,/tmp/reddcoin/src/base58.cpp
528e1fa46e6b1d9ae102f62fcb9114f2,87,/tmp/reddcoin/src/bitcoin-cli.cpp
07d20d58af46e1a7f9ec109c673f7c9b,188,/tmp/reddcoin/src/bitcoind.cpp
3956c213411eaff9bd8fcafdac9a7e6d,182,/tmp/reddcoin/src/bloom.cpp
17852d0b63463f8b61ed771ca0d5d8ee,227,/tmp/reddcoin/src/chainparams.cpp
b36fd98d9cd0e985408ab815957d7352,197,/tmp/reddcoin/src/checkpoints.cpp
d2d3c1ef441a1dcddf3ab4f84a0350ef,196,/tmp/reddcoin/src/coins.cpp
53ac6d7c704cd24b2177f78760367e17,318,/tmp/reddcoin/src/core.cpp
19b43530a131169d26d4360857f4ed1e,274,/tmp/reddcoin/src/crypter.cpp
2948b76b14090d5346c33ddde47baf55,479,/tmp/reddcoin/src/db.cpp
c94b7473ec6f8869b7b8a198c6d767f2,99,/tmp/reddcoin/src/hash.cpp
3a2764180eb81fe68cc5858a8816301e,1153,/tmp/reddcoin/src/init.cpp
a0d0c4442ff2d674013b45eb7a39d9e5,575,/tmp/reddcoin/src/kernel.cpp
e3ed224d39f1964f73c896e7d526af5b,654,/tmp/reddcoin/src/key.cpp
7412949f18db2b204385bb3e03d2f5f4,61,/tmp/reddcoin/src/keystore.cpp
a2e25464e4e28923389506f32e65a832,77,/tmp/reddcoin/src/leveldbwrapper.cpp
c5cdc2fa872e5ee5d14cf827272082df,4888,/tmp/reddcoin/src/main.cpp
5283e50ed6e3faf5cb34548eee33296f,855,/tmp/reddcoin/src/miner.cpp
1d07e69378f5761eedf28e0119636ad8,2012,/tmp/reddcoin/src/net.cpp
ad3df4e11f3b6e9bb642d23a54ca2546,1273,/tmp/reddcoin/src/netbase.cpp
109a7b2fb50480c933adfa8adfec36ca,47,/tmp/reddcoin/src/noui.cpp
a494ffdc9c3560edd93dc60ef89d6c03,151,/tmp/reddcoin/src/protocol.cpp
e33c26e12d62f371d6427bffb0d07bd3,495,/tmp/reddcoin/src/rpcblockchain.cpp
708ff431cb999a36081e53a4b0b4f70d,286,/tmp/reddcoin/src/rpcclient.cpp
518f0ec1fff623b3a7f5f8e8763b4122,328,/tmp/reddcoin/src/rpcdump.cpp
aa309f05460004520b178026f26db112,679,/tmp/reddcoin/src/rpcmining.cpp
faf30eb0966be8cbe434c3c1d8503380,336,/tmp/reddcoin/src/rpcmisc.cpp
85e26d03e6046d533b254f3e5621eb9b,386,/tmp/reddcoin/src/rpcnet.cpp
65292071c49f22e73826fdd84e17aac1,253,/tmp/reddcoin/src/rpcprotocol.cpp
50a795d971137e14fbd81a5a168b4ade,796,/tmp/reddcoin/src/rpcrawtransaction.cpp
b9407983157662acaf92d76b1d09045e,938,/tmp/reddcoin/src/rpcserver.cpp
b53b876269a5eacda5c5727983bec838,2020,/tmp/reddcoin/src/rpcwallet.cpp
c2d1678962d116d9e25188064e590030,2147,/tmp/reddcoin/src/script.cpp
b161ab5154bdb9803645a172f55f73f6,148,/tmp/reddcoin/src/sync.cpp
29c2124d665249d992e7ef374a8d2110,248,/tmp/reddcoin/src/txdb.cpp
0bf5e40cf902a9e91aaa2eeb955c8b2e,214,/tmp/reddcoin/src/txmempool.cpp
8f0201fc5114b2f71e96358192a7db76,1415,/tmp/reddcoin/src/util.cpp
2e7deba1e5e49a6100e130a038d22814,71,/tmp/reddcoin/src/version.cpp
0cb25733b5dcdd1613148dfe1c3e5b99,2674,/tmp/reddcoin/src/wallet.cpp
eea64cf88c35e265f8ecce0d26a8bb65,961,/tmp/reddcoin/src/walletdb.cpp
1bf4399d884337cf4f99fffb783da722,173,/tmp/reddcoin/contrib/devtools/github-merge.sh
bc19f76e32e8fece0ec1bfe91f7a546f,41,/tmp/reddcoin/contrib/qos/tc.sh
cba9ce064ff1e937079e53ec6151b0c3,119,/tmp/reddcoin/contrib/verifysfbinaries/verify.sh
03e7faf21cbb4ea6e295f4c19a9f7f9f,103,/tmp/reddcoin/contrib/install_db4.sh
7cfdbb5244ff0b1e11d8b91e17601f16,75,/tmp/reddcoin/contrib/reddcoin_core_compile_raspbian_buster.sh
5354a177b390a2aba0e82819d6a174e2,71,/tmp/reddcoin/contrib/reddcoin_core_compile_raspbian_jessie.sh
2da0c5620c0adcc8ea0b79df06c17aa2,71,/tmp/reddcoin/contrib/reddcoin_core_compile_raspbian_stretch.sh
d1ebf1635aca3e5ea5da1bf6add6ee7a,104,/tmp/reddcoin/contrib/reddcoin_core_download_raspbian.sh
3f06b412e26bb1cfb862609b1aab3248,59,/tmp/reddcoin/contrib/tidy_datadir.sh
372f394c257bc463f024614588b2da8c,22,/tmp/reddcoin/qa/pull-tester/pull-tester.sh
649ae68eeb87c969d3e7d336b3bd6a7b,146,/tmp/reddcoin/qa/rpc-tests/conflictedbalance.sh
12c424c8369d175e2f6af1b6ee8e6746,31,/tmp/reddcoin/qa/rpc-tests/send.sh
67ccc86755d77998e1d33505956d0c94,151,/tmp/reddcoin/qa/rpc-tests/txnmall.sh
c80a30a27df14a5c1cd75b7e6a0e8763,95,/tmp/reddcoin/qa/rpc-tests/util.sh
7fa4cdd5dd231d6cd34cf6017dabfcc5,117,/tmp/reddcoin/qa/rpc-tests/wallet.sh
a8385fb24532d8ed93b86162e322cb28,296,/tmp/reddcoin/qa/rpc-tests/walletbackup.sh
0b87d32f70529110bf6230cb4c3c48e4,9,/tmp/reddcoin/share/qt/make_windows_icon.sh
a2436f937f8b52dda6c56ec682c1abd3,51,/tmp/reddcoin/share/genbuild.sh
ac2df69b3c939a3a37194f525a119b89,11,/tmp/reddcoin/autogen.sh
0478cac734e9419bd1637fc640fda779,459,/tmp/reddcoin/src/leveldb/doc/benchmark.html
02e26617525953d869d12c3e9480c34e,213,/tmp/reddcoin/src/leveldb/doc/impl.html
841a8e91bd0f8df6ef58d78dd844b5dc,549,/tmp/reddcoin/src/leveldb/doc/index.html
bece352898fe3b02e21aa5eb71e70ece,45,/tmp/reddcoin/src/crypto/scrypt.h
47805ac8424a6d21288e4d08cd01db41,18,/tmp/reddcoin/src/json/json_spirit.h
9be744ffeeb75884d8993feaacb207d1,54,/tmp/reddcoin/src/json/json_spirit_error_position.h
5566b191c12f25bf5ecdc2b48f5a1ff3,62,/tmp/reddcoin/src/json/json_spirit_reader.h
c959ca217fc308f76a4d5b0b8d134d8e,612,/tmp/reddcoin/src/json/json_spirit_reader_template.h
80f1fac095a2c41f7d7edfc92d958905,70,/tmp/reddcoin/src/json/json_spirit_stream_reader.h
29988cbe93f655cbf6d31d6d9a4c721a,61,/tmp/reddcoin/src/json/json_spirit_utils.h
a7cc5d966c15bfe8e13a583e04aad729,534,/tmp/reddcoin/src/json/json_spirit_value.h
b91fbc52d176700244d7ba874266f796,50,/tmp/reddcoin/src/json/json_spirit_writer.h
170a4c35747902c869fb83290f795976,249,/tmp/reddcoin/src/json/json_spirit_writer_template.h
b8adc56ab4d0ffefade6ebbd25c24244,34,/tmp/reddcoin/src/leveldb/db/builder.h
242d55bbc2b5edb20c08e164d7c8da1f,211,/tmp/reddcoin/src/leveldb/db/db_impl.h
eed2c9818c0b85040ae117ef811395fe,28,/tmp/reddcoin/src/leveldb/db/db_iter.h
c8ab2a365de4cb2213cac2c1a5bb24b4,230,/tmp/reddcoin/src/leveldb/db/dbformat.h
56574df1eab0ce9f4cab2897245bfb8a,85,/tmp/reddcoin/src/leveldb/db/filename.h
8c7906142c27145b1923f6b4ef0bd764,35,/tmp/reddcoin/src/leveldb/db/log_format.h
295d92f5575b45834f2a963a8d00f7f3,108,/tmp/reddcoin/src/leveldb/db/log_reader.h
0c6e70b21f88b8c964febfa45cf801df,48,/tmp/reddcoin/src/leveldb/db/log_writer.h
22301a281baee162136188dc62822e9c,91,/tmp/reddcoin/src/leveldb/db/memtable.h
33e901855b0bf8fa6256fc8df60f0f94,379,/tmp/reddcoin/src/leveldb/db/skiplist.h
1a17cafa96fced2dc6b05ba2af05b6f3,66,/tmp/reddcoin/src/leveldb/db/snapshot.h
5a89f99d4d678288671fbfacbd478cee,61,/tmp/reddcoin/src/leveldb/db/table_cache.h
e8ad06b6fd51cfb86f84ac366007b91c,107,/tmp/reddcoin/src/leveldb/db/version_edit.h
2a2b4f097f543bba3eb1044237463afa,396,/tmp/reddcoin/src/leveldb/db/version_set.h
468a74901124ecff9f97babb898da725,49,/tmp/reddcoin/src/leveldb/db/write_batch_internal.h
ea657ef8e5ddfc0fe9a4563e757a1f24,20,/tmp/reddcoin/src/leveldb/helpers/memenv/memenv.h
b16a2b984f3dc7ee9ba359380a8c7259,290,/tmp/reddcoin/src/leveldb/include/leveldb/c.h
764901289a84caa5175492c88ec9d3bc,99,/tmp/reddcoin/src/leveldb/include/leveldb/cache.h
b27a684d6d21f2dfd4cf97876570a5c6,63,/tmp/reddcoin/src/leveldb/include/leveldb/comparator.h
c96a52bc00b4ac08f1f3c919fa4151e5,161,/tmp/reddcoin/src/leveldb/include/leveldb/db.h
857834e106b594620f4213f78c25e9bf,333,/tmp/reddcoin/src/leveldb/include/leveldb/env.h
b82bfa55eac5d3b647068631a82752b7,70,/tmp/reddcoin/src/leveldb/include/leveldb/filter_policy.h
a43c7b850991f299552dfc3b779cda7e,100,/tmp/reddcoin/src/leveldb/include/leveldb/iterator.h
cb31dd091797fd65205682d5b02f1a3a,195,/tmp/reddcoin/src/leveldb/include/leveldb/options.h
2ea2d73d4e732c3c630ba70687538741,109,/tmp/reddcoin/src/leveldb/include/leveldb/slice.h
907696258264ee4672eb2117d4c5163c,106,/tmp/reddcoin/src/leveldb/include/leveldb/status.h
dcb1619844273ae1c83a195914d226c1,85,/tmp/reddcoin/src/leveldb/include/leveldb/table.h
59e66f7f4d8ac95ca2ae01796261ea5a,92,/tmp/reddcoin/src/leveldb/include/leveldb/table_builder.h
fa29e26ac1d2b4b423ac27c849ec99a0,64,/tmp/reddcoin/src/leveldb/include/leveldb/write_batch.h
60cad66d17b9e898744ec33d2689072d,24,/tmp/reddcoin/src/leveldb/port/win/stdint.h
8b91bd70840a000488fe7c348adf0959,224,/tmp/reddcoin/src/leveldb/port/atomic_pointer.h
ede1b2424d7c8157c490ede6725d571c,21,/tmp/reddcoin/src/leveldb/port/port.h
482b71cbf4c197adde112222a1d90f2f,135,/tmp/reddcoin/src/leveldb/port/port_example.h
043fd9de65e114d40fdc96d03e7aaac7,161,/tmp/reddcoin/src/leveldb/port/port_posix.h
3dace0b580bf3c0da7e2e19132b4f42c,174,/tmp/reddcoin/src/leveldb/port/port_win.h
512c186614ac65cbcc787e7b1cfcaf99,59,/tmp/reddcoin/src/leveldb/port/thread_annotations.h
164f9fdc35c64e27a5df1b83fd9863dd,44,/tmp/reddcoin/src/leveldb/table/block.h
13a091d926b25ca1e450dec5e9b8b979,57,/tmp/reddcoin/src/leveldb/table/block_builder.h
4fa144d03a29a5e104398897a4ee3f40,68,/tmp/reddcoin/src/leveldb/table/filter_block.h
99ea5c4bcebddc1d0d9b089126d4be45,108,/tmp/reddcoin/src/leveldb/table/format.h
1f87cac2f64b3958d40162f52e567c37,63,/tmp/reddcoin/src/leveldb/table/iterator_wrapper.h
f294726a0a6e2c5465442fbf82b60727,26,/tmp/reddcoin/src/leveldb/table/merger.h
24df6ee58ae4d6e6e282d2240707271f,34,/tmp/reddcoin/src/leveldb/table/two_level_iterator.h
3550e269a421954ac8218130f672b105,68,/tmp/reddcoin/src/leveldb/util/arena.h
3cf197e418693f8f7874bbf893a14dce,104,/tmp/reddcoin/src/leveldb/util/coding.h
6153713ec4c5bd1e49edaa444ca771f2,45,/tmp/reddcoin/src/leveldb/util/crc32c.h
26a7fe0d7d7958bd664a53ea8ac40af8,19,/tmp/reddcoin/src/leveldb/util/hash.h
1e6292c78f4183bac46b0689ae3373df,42,/tmp/reddcoin/src/leveldb/util/histogram.h
ac922ddff2850b9117db63fcef784644,47,/tmp/reddcoin/src/leveldb/util/logging.h
18d09b6fba075022fa998799589a5027,41,/tmp/reddcoin/src/leveldb/util/mutexlock.h
9ef08ee36118b8b43b079da8d6e90ee1,98,/tmp/reddcoin/src/leveldb/util/posix_logger.h
67282f980207e3b19d6bd1d50f94ea10,64,/tmp/reddcoin/src/leveldb/util/random.h
401f1de1bc1372989b86147ad37824c8,138,/tmp/reddcoin/src/leveldb/util/testharness.h
2b14313f695ffd1372377e06590b6c71,53,/tmp/reddcoin/src/leveldb/util/testutil.h
69b9507d2e0a86fa92e920c80671131f,307,/tmp/reddcoin/src/qt/test/paymentrequestdata.h
c062af816cce6d71aaa76be5733afac0,31,/tmp/reddcoin/src/qt/test/paymentservertests.h
6efdf3554e6ba3ad4c540fdb75aaa3e1,15,/tmp/reddcoin/src/qt/test/uritests.h
d26fe8b0df64338fff57216e33c3fc06,87,/tmp/reddcoin/src/qt/addressbookpage.h
6a36b0f45b201308b40eb9e59b4a87a0,95,/tmp/reddcoin/src/qt/addresstablemodel.h
2fd948c256fe8f85b945e33cdc86399d,52,/tmp/reddcoin/src/qt/askpassphrasedialog.h
a3ce99e2052bd76f85d432daa5583771,35,/tmp/reddcoin/src/qt/bitcoinaddressvalidator.h
7129c242ca73d6dc4a8cdb30587cd231,72,/tmp/reddcoin/src/qt/bitcoinamountfield.h
1b07c1881dbc6cd510b4f05988b3617e,208,/tmp/reddcoin/src/qt/bitcoingui.h
261adcdb09fb32beac23ea2a182163f5,75,/tmp/reddcoin/src/qt/bitcoinunits.h
914d5d3dac7b50cd3b79c438f6ef1f7f,104,/tmp/reddcoin/src/qt/clientmodel.h
23f5e5e74641385b6b87b17039c9ec8b,122,/tmp/reddcoin/src/qt/coincontroldialog.h
65460e0e32aa5e6ab8aacd7bcdf65206,22,/tmp/reddcoin/src/qt/coincontroltreewidget.h
d1c8a6bde645192a97109fe869cb3091,46,/tmp/reddcoin/src/qt/csvmodelwriter.h
3a4e3719202dd8054b027ca7ea2806c5,57,/tmp/reddcoin/src/qt/editaddressdialog.h
33bdfeb23f6ae5c2b00dff8660fd81ba,49,/tmp/reddcoin/src/qt/guiconstants.h
c9a37535dbba26fb9efede747b9b2bf7,190,/tmp/reddcoin/src/qt/guiutil.h
089912de1a980820134ad3addb3b2e2b,73,/tmp/reddcoin/src/qt/intro.h
ce8d058fafb30715ad9cfc8ff7ab0c44,51,/tmp/reddcoin/src/qt/macdockiconhandler.h
e758fa02a6edc8e723efc9a95fc62e2c,30,/tmp/reddcoin/src/qt/macnotificationhandler.h
d3d71bf8dd4a226436d145f4efdd23af,34,/tmp/reddcoin/src/qt/monitoreddatamapper.h
0ecfbe00f410891678103fe356910fe4,80,/tmp/reddcoin/src/qt/notificator.h
fe947db3fd1a806ef1c9b65faa7dffa4,34,/tmp/reddcoin/src/qt/openuridialog.h
82ba64b00a059103d97b740237648496,59,/tmp/reddcoin/src/qt/optionsdialog.h
f8984e69728f76599bcf5b947ea5059a,90,/tmp/reddcoin/src/qt/optionsmodel.h
38b003e770118184d3fab4ad6972a8f5,60,/tmp/reddcoin/src/qt/overviewpage.h
b36f79877a5fccbee1494b4927940860,46,/tmp/reddcoin/src/qt/paymentrequestplus.h
526bbe41992c34a691e1e3aeddb82f75,138,/tmp/reddcoin/src/qt/paymentserver.h
ed1efc277b3160b934a14fa20887cd5e,80,/tmp/reddcoin/src/qt/peertablemodel.h
9111a24b1ff4a0361a54a629755b8547,39,/tmp/reddcoin/src/qt/qvalidatedlineedit.h
bcd7a913d0ce4cbfb4d43b5e91a5dea3,37,/tmp/reddcoin/src/qt/qvaluecombobox.h
b762833690eb48903f703c9a97b8532d,75,/tmp/reddcoin/src/qt/receivecoinsdialog.h
3c015f35724bfadd53f87dccfd3efd96,68,/tmp/reddcoin/src/qt/receiverequestdialog.h
1263f1b511ad1aba56c333655336daff,102,/tmp/reddcoin/src/qt/recentrequeststablemodel.h
b0a97a82bcfdfeec179193e42e7ddad5,103,/tmp/reddcoin/src/qt/rpcconsole.h
be98687b54b425b35d1fe9e282477186,85,/tmp/reddcoin/src/qt/sendcoinsdialog.h
ee19f7d2bc4cdf333dd35f84c31abc4a,70,/tmp/reddcoin/src/qt/sendcoinsentry.h
4eb20bd2fd6632b083fc0e7e12497fa6,51,/tmp/reddcoin/src/qt/signverifymessagedialog.h
265366e2be3e4b69798f952a229c51b6,31,/tmp/reddcoin/src/qt/splashscreen.h
0abc7909e16b3666bd52b5020719f182,48,/tmp/reddcoin/src/qt/trafficgraphwidget.h
8607ab5f1ea18e12dec17e8224ae339e,29,/tmp/reddcoin/src/qt/transactiondesc.h
c3e21af1cbc8f0a349f96a5fb8eb7ce7,31,/tmp/reddcoin/src/qt/transactiondescdialog.h
cbfd987001c27ac1c31740a98968a2ca,57,/tmp/reddcoin/src/qt/transactionfilterproxy.h
fc72f8a628967f1280bf4594aeb4dec7,139,/tmp/reddcoin/src/qt/transactionrecord.h
831219b57b3516cf4af5809359171060,94,/tmp/reddcoin/src/qt/transactiontablemodel.h
2cc6cac17a680929ab40891beb79dd59,108,/tmp/reddcoin/src/qt/transactionview.h
67362335677f47eb7837bc4a3e259e94,69,/tmp/reddcoin/src/qt/utilitydialog.h
290ef8ad5f0a80214bb3dea0deb61520,81,/tmp/reddcoin/src/qt/walletframe.h
4754cd3c40801301ea61e4be56bcb9a1,256,/tmp/reddcoin/src/qt/walletmodel.h
86fa1cbf40d18f0a745768064e7683e6,44,/tmp/reddcoin/src/qt/walletmodeltransaction.h
216440e5957d88973fef1a061ef6e1c8,118,/tmp/reddcoin/src/qt/walletview.h
0b5bb6708551302a315b74cd80cb7c43,29,/tmp/reddcoin/src/qt/winshutdownmonitor.h
b5bf0d12183603fee9e7c8788228f6b6,504,/tmp/reddcoin/src/addrman.h
c7a748aa3cb83fad789342f741885821,110,/tmp/reddcoin/src/alert.h
5d332f841bdc8327a7cd4ba06e79760c,255,/tmp/reddcoin/src/allocators.h
c3521bef544c301171e8c83440f81430,159,/tmp/reddcoin/src/base58.h
0ecbe582ec7ea4613ca058c7c0e16103,610,/tmp/reddcoin/src/bignum.h
d064044e753b6b2b28962b6b786b9714,92,/tmp/reddcoin/src/bloom.h
37e1c4eb6773a8ed0c525efe9a0e7a1c,124,/tmp/reddcoin/src/chainparams.h
ad2cd95a4d06483824ad184084d5856f,32,/tmp/reddcoin/src/checkpoints.h
607159808d5e1ce3c0a656e08af54f55,194,/tmp/reddcoin/src/checkqueue.h
ee96aac748b74130737794004d6b7c0b,31,/tmp/reddcoin/src/clientversion.h
a380495356a6194d1dab7745bbf3ed59,63,/tmp/reddcoin/src/coincontrol.h
cacba75c81ca980d3bee0fac8119dd52,404,/tmp/reddcoin/src/coins.h
991c08ab17f819f36561ac362ad6fc5c,77,/tmp/reddcoin/src/compat.h
c1abec6c9c84a08c3866df1774fc16da,575,/tmp/reddcoin/src/core.h
340e2ece6d2b28ad445e1db8117aaae5,192,/tmp/reddcoin/src/crypter.h
ae5dcd15394bbd69778b21892c485bd3,308,/tmp/reddcoin/src/db.h
16c030336435bda4582a53dc8284e438,139,/tmp/reddcoin/src/hash.h
623bed40974c574e0ef1eb7e05b75bfa,34,/tmp/reddcoin/src/init.h
b37d89581ea66244e494cc036c22eed0,49,/tmp/reddcoin/src/kernel.h
075177b000b400c260421a85fda98e29,313,/tmp/reddcoin/src/key.h
e5f78fa18be1c9e3a05aae5578c42b48,96,/tmp/reddcoin/src/keystore.h
a67e6289641f478cc2e9fdc233ade553,155,/tmp/reddcoin/src/leveldbwrapper.h
65bade4e063bfdbd61a4acc7334f1409,101,/tmp/reddcoin/src/limitedmap.h
3f4fc822f215d803bd42e0bcd22aff4d,1254,/tmp/reddcoin/src/main.h
1197d1e4b05803b8e22d9a15c9bd262b,38,/tmp/reddcoin/src/miner.h
dd61fa453be3566a99a4849726290abd,67,/tmp/reddcoin/src/mruset.h
3ef896ae2c15bf362cd693bb9df7c0d0,745,/tmp/reddcoin/src/net.h
95e7ec60c1a02e501b1f63bf333ad92c,185,/tmp/reddcoin/src/netbase.h
3fbbed56a3b54930000fe9c019ea4e77,10,/tmp/reddcoin/src/noui.h
de5e179bb2567afc33ddebd28a51509a,140,/tmp/reddcoin/src/protocol.h
a0329ec65de9545edd3e10928e25587d,25,/tmp/reddcoin/src/rpcclient.h
d48c850e03c2b9dd498db90d07a4a441,141,/tmp/reddcoin/src/rpcprotocol.h
56cb00e80bd6f5a2c17e56b9b47d0387,201,/tmp/reddcoin/src/rpcserver.h
80f342f0a2727fd9a04208bba07ac28d,808,/tmp/reddcoin/src/script.h
ee0bd7b23765ad4c2d8fbc764a331712,1398,/tmp/reddcoin/src/serialize.h
fe589e2ba0b1a1cb640eda36f83d7205,261,/tmp/reddcoin/src/sync.h
5dd3d392f6198d4c24c1bd37a1ee4e42,54,/tmp/reddcoin/src/threadsafety.h
e19b77c988a55ac3080ebe57ec84ef91,1010,/tmp/reddcoin/src/tinyformat.h
553ed5adda9195f99faf6c499ab72ba4,69,/tmp/reddcoin/src/txdb.h
5cb9cab487c32e60b5bf7a9a3271a082,113,/tmp/reddcoin/src/txmempool.h
377ea649426b6bcce8a46655e3f70783,111,/tmp/reddcoin/src/ui_interface.h
4c64a01725b54775bd48a1eb10e09f92,636,/tmp/reddcoin/src/uint256.h
9ab35509cd122d20ea4350ad161cda98,578,/tmp/reddcoin/src/util.h
41f40e97b0b31b3fcde8142fbf219ff4,57,/tmp/reddcoin/src/version.h
44a0cca2dee1b276a5bfd6ef4ce629d8,893,/tmp/reddcoin/src/wallet.h
ad2750000d947537170bafc84c58156e,133,/tmp/reddcoin/src/walletdb.h
