DoS_tests.cpp,DoS_tests.cpp,4,76,3
allocator_tests.cpp,allocator_tests.cpp,96,8,7
base32_tests.cpp,base32_tests.cpp,8,4,3
base58_tests.cpp,base58_tests.cpp,4,8,3
base64_tests.cpp,base64_tests.cpp,8,4,3
bloom_tests.cpp,bloom_tests.cpp,4,4,4
key_tests.cpp,key_tests.cpp,4,40,3
main_tests.cpp,main_tests.cpp,8,164,5
multisig_tests.cpp,multisig_tests.cpp,8,4,3
netbase_tests.cpp,netbase_tests.cpp,8,60,5
serialize_tests.cpp,serialize_tests.cpp,8,100,5
sighash_tests.cpp,sighash_tests.cpp,16,260,6
sigopcount_tests.cpp,sigopcount_tests.cpp,8,4,3
uint256_tests.cpp,uint256_tests.cpp,1600,1600,1417
util_tests.cpp,util_tests.cpp,12,1180,8
allocator_tests.cpp,allocator_tests.cpp,8,8,8
crypter.cpp,crypter.cpp,1592,144,41
db.cpp,db.cpp,2480,552,523
wallet.cpp,wallet.cpp,5804,496,56
walletdb.cpp,walletdb.cpp,4968,1080,56
